name,dice_class_1,hd95_class_1,assd_class_1,iou_class_1,precision_class_1,recall_class_1,dice_class_2,hd95_class_2,assd_class_2,iou_class_2,precision_class_2,recall_class_2,dice_class_3,hd95_class_3,assd_class_3,iou_class_3,precision_class_3,recall_class_3,dice_avg,hd95_avg,assd_avg,iou_avg,precision_avg,recall_avg
ahn_05.nii.gz,0.4285714328289032,5.199172019958496,0.8578697443008423,0.27272728085517883,0.772455096244812,0.29655173420906067,0.0,0.0,0.0,0.0,,,0.0,0.0,0.0,0.0,,,0.14285714427630106,1.7330573399861653,0.2859565814336141,0.09090909361839294,,
ahn_09.nii.gz,0.5456013083457947,4.123105525970459,0.060871515423059464,0.3751387298107147,0.9740633964538574,0.37892377376556396,0.0,0.0,0.0,0.0,,,0.0,0.0,0.0,0.0,,,0.18186710278193155,1.3743685086568196,0.02029050514101982,0.12504624327023825,,
ahn_11.nii.gz,0.41290321946144104,32.38513946533203,15.821660041809082,0.2601625919342041,0.4383561611175537,0.39024388790130615,0.0,0.0,0.0,0.0,,,0.0,0.0,0.0,0.0,,,0.137634406487147,10.79504648844401,5.273886680603027,0.08672086397806804,,
ahn_12.nii.gz,0.5238263607025146,2.2360680103302,0.16059547662734985,0.35485413670539856,0.9661458134651184,0.35932204127311707,0.0,0.0,0.0,0.0,,,0.0,0.0,0.0,0.0,,,0.17460878690083823,0.7453560034434,0.05353182554244995,0.11828471223513286,,
ahn_16.nii.gz,0.40900564193725586,49.22332000732422,15.808099746704102,0.2570754587650299,0.3364197611808777,0.5215311050415039,0.0,0.0,0.0,0.0,,,0.0,0.0,0.0,0.0,,,0.1363352139790853,16.40777333577474,5.2693665822347,0.08569181958834331,,
ahn_21.nii.gz,0.5872576236724854,2.2360680103302,0.7044285535812378,0.4156862795352936,0.9422222375869751,0.42655935883522034,0.0,0.0,0.0,0.0,,,0.0,0.0,0.0,0.0,,,0.19575254122416177,0.7453560034434,0.2348095178604126,0.13856209317843118,,
ahn_29.nii.gz,0.5783749222755432,2.4494898319244385,0.35183393955230713,0.4068406820297241,0.909456729888916,0.42401501536369324,0.0,0.0,0.0,0.0,,,0.0,0.0,0.0,0.0,,,0.1927916407585144,0.8164966106414795,0.11727797985076904,0.1356135606765747,,
ahn_39.nii.gz,0.3270440399646759,84.04203796386719,30.187271118164062,0.19548872113227844,0.2207130789756775,0.6310679316520691,0.0,0.0,0.0,0.0,,,0.0,0.0,0.0,0.0,,,0.1090146799882253,28.014012654622395,10.062423706054688,0.06516290704409282,,
ahn_48.nii.gz,0.483368456363678,4.123105525970459,0.5223838090896606,0.31871187686920166,0.9671900868415833,0.3221953213214874,0.0,0.0,0.0,0.0,,,0.0,0.0,0.0,0.0,,,0.16112281878789267,1.3743685086568196,0.17412793636322021,0.10623729228973389,,
ahn_54.nii.gz,0.47263815999031067,3.1622776985168457,0.3065832257270813,0.30944740772247314,0.8884339928627014,0.32195845246315,0.0,0.0,0.0,0.0,,,0.0,0.0,0.0,0.0,,,0.15754605333010355,1.054092566172282,0.10219440857569377,0.10314913590749104,,
ahn_64.nii.gz,0.4957650899887085,4.123105525970459,0.1573275923728943,0.32957959175109863,0.9440860152244568,0.336140900850296,0.0,0.0,0.0,0.0,,,0.0,0.0,0.0,0.0,,,0.16525502999623617,1.3743685086568196,0.05244253079096476,0.10985986391703288,,
ahn_75.nii.gz,0.6013592481613159,2.2360680103302,0.6516270041465759,0.429959774017334,0.9378654956817627,0.4425663948059082,0.0,0.0,0.0,0.0,,,0.0,0.0,0.0,0.0,,,0.20045308272043863,0.7453560034434,0.21720900138219199,0.14331992467244467,,
ahn_77.nii.gz,0.37468355894088745,47.03134536743164,26.757402420043945,0.23052959144115448,0.30204081535339355,0.4933333396911621,0.0,0.0,0.0,0.0,,,0.0,0.0,0.0,0.0,,,0.12489451964696248,15.677115122477213,8.919134140014648,0.0768431971470515,,
ahn_79.nii.gz,0.060150377452373505,16.428630828857422,12.66894817352295,0.03100775182247162,0.040816325694322586,0.11428571492433548,0.0,0.0,0.0,0.0,,,0.0,0.0,0.0,0.0,,,0.020050125817457836,5.476210276285808,4.222982724507649,0.010335917274157206,,
CAD_102.nii.gz,0.49265536665916443,8.831223487854004,1.6407197713851929,0.32683658599853516,0.7785714268684387,0.36033058166503906,0.0,0.0,0.0,0.0,,,0.0,0.0,0.0,0.0,,,0.1642184555530548,2.9437411626180015,0.546906590461731,0.10894552866617839,,
CAD_107.nii.gz,0.46507805585861206,16.708940505981445,2.8628973960876465,0.3029978573322296,0.7293814420700073,0.3413751423358917,0.0,0.0,0.0,0.0,,,0.0,0.0,0.0,0.0,,,0.15502601861953735,5.569646835327148,0.9542991320292155,0.10099928577740987,,
CAD_110.nii.gz,0.4286230504512787,7.777973651885986,1.3671377897262573,0.27276909351348877,0.8785185217857361,0.283460795879364,0.0,0.0,0.0,0.0,,,0.0,0.0,0.0,0.0,,,0.14287435015042624,2.5926578839619956,0.4557125965754191,0.09092303117116292,,
CAD_113.nii.gz,0.48621323704719543,8.774964332580566,0.7985213398933411,0.3211900293827057,0.997172474861145,0.3214828372001648,0.0,0.0,0.0,0.0,,,0.0,0.0,0.0,0.0,,,0.1620710790157318,2.924988110860189,0.266173779964447,0.10706334312756856,,
CAD_118.nii.gz,0.43113523721694946,4.123105525970459,0.7839593291282654,0.2748071253299713,0.9468377828598022,0.2791137397289276,0.0,0.0,0.0,0.0,,,0.0,0.0,0.0,0.0,,,0.14371174573898315,1.3743685086568196,0.26131977637608844,0.09160237510999043,,
CAD_119.nii.gz,0.4779559075832367,25.357444763183594,3.912630796432495,0.31402239203453064,0.6428571343421936,0.380382776260376,0.0,0.0,0.0,0.0,,,0.0,0.0,0.0,0.0,,,0.1593186358610789,8.452481587727865,1.3042102654774983,0.10467413067817688,,
CAD_120.nii.gz,0.4395604431629181,47.86015701293945,26.91952896118164,0.28169015049934387,0.35587188601493835,0.5747126340866089,0.0,0.0,0.0,0.0,,,0.0,0.0,0.0,0.0,,,0.1465201477209727,15.953385670979818,8.97317632039388,0.09389671683311462,,
CAD_124.nii.gz,0.08524589985609055,11.575837135314941,6.599876880645752,0.0445205494761467,0.07262569665908813,0.1031746044754982,0.0,0.0,0.0,0.0,,,0.0,0.0,0.0,0.0,,,0.028415299952030182,3.858612378438314,2.1999589602152505,0.014840183158715567,,
CAD_127.nii.gz,0.5408348441123962,33.77491760253906,12.410575866699219,0.37064677476882935,0.5936254858970642,0.49666666984558105,0.0,0.0,0.0,0.0,,,0.0,0.0,0.0,0.0,,,0.18027828137079874,11.258305867513021,4.136858622233073,0.12354892492294312,,
CAD_128.nii.gz,0.5272949934005737,3.316624879837036,0.7397050857543945,0.35804522037506104,0.8777506351470947,0.37683695554733276,0.0,0.0,0.0,0.0,,,0.0,0.0,0.0,0.0,,,0.17576499780019125,1.1055416266123455,0.2465683619181315,0.11934840679168701,,
CAD_135.nii.gz,0.6606248617172241,2.0,0.4653910994529724,0.4932336211204529,0.9441035985946655,0.5080704092979431,0.0,0.0,0.0,0.0,,,0.0,0.0,0.0,0.0,,,0.2202082872390747,0.6666666666666666,0.15513036648432413,0.16441120704015097,,
CAD_137.nii.gz,0.09795918315649033,87.56083679199219,69.08869171142578,0.05150214582681656,0.052401747554540634,0.75,0.0,0.0,0.0,0.0,,,0.0,0.0,0.0,0.0,,,0.032653061052163444,29.18694559733073,23.029563903808594,0.017167381942272186,,
CAD_138.nii.gz,0.6985476613044739,29.59384536743164,4.9007062911987305,0.5367447137832642,0.8478074073791504,0.5939759016036987,0.0,0.0,0.0,0.0,,,0.0,0.0,0.0,0.0,,,0.23284922043482462,9.864615122477213,1.6335687637329102,0.1789149045944214,,
CAD_139.nii.gz,0.6899861097335815,1.7320507764816284,0.4363403618335724,0.5267013907432556,0.9720553159713745,0.5347991585731506,0.0,0.0,0.0,0.0,,,0.0,0.0,0.0,0.0,,,0.22999536991119385,0.5773502588272095,0.14544678727785745,0.17556713024775186,,
CAD_141.nii.gz,0.38427168130874634,58.92697525024414,16.132722854614258,0.23783186078071594,0.42658731341362,0.34959349036216736,0.0,0.0,0.0,0.0,,,0.0,0.0,0.0,0.0,,,0.12809056043624878,19.642325083414715,5.377574284871419,0.07927728692690532,,
CAD_142.nii.gz,0.5670456886291504,3.316624879837036,0.9552380442619324,0.39571788907051086,0.873424768447876,0.419791579246521,0.0,0.0,0.0,0.0,,,0.0,0.0,0.0,0.0,,,0.18901522954305014,1.1055416266123455,0.3184126814206441,0.13190596302350363,,
CAD_145.nii.gz,0.5006738305091858,6.4031243324279785,1.512156367301941,0.3339325785636902,0.674841046333313,0.3979646563529968,0.0,0.0,0.0,0.0,,,0.0,0.0,0.0,0.0,,,0.16689127683639526,2.1343747774759927,0.5040521224339803,0.11131085952123006,,
CAD_146.nii.gz,0.5534197688102722,38.60662078857422,5.633731842041016,0.3825710713863373,0.579587996006012,0.5295124053955078,0.0,0.0,0.0,0.0,,,0.0,0.0,0.0,0.0,,,0.18447325627009073,12.868873596191406,1.8779106140136719,0.12752369046211243,,
CAD_149.nii.gz,0.5681003332138062,8.105501174926758,0.5036328434944153,0.3967459201812744,0.8180645108222961,0.4351406991481781,0.0,0.0,0.0,0.0,,,0.0,0.0,0.0,0.0,,,0.1893667777379354,2.701833724975586,0.16787761449813843,0.1322486400604248,,
CAD_150.nii.gz,0.6535695195198059,2.2360680103302,0.3937680423259735,0.48540908098220825,0.9677922129631042,0.49337923526763916,0.0,0.0,0.0,0.0,,,0.0,0.0,0.0,0.0,,,0.21785650650660196,0.7453560034434,0.13125601410865784,0.16180302699406943,,
CAD_151.nii.gz,0.6879792809486389,2.2360680103302,0.657925546169281,0.5243661403656006,0.9666160941123962,0.5340375304222107,0.0,0.0,0.0,0.0,,,0.0,0.0,0.0,0.0,,,0.22932642698287964,0.7453560034434,0.21930851538976034,0.1747887134552002,,
CAD_152.nii.gz,0.5153664350509644,2.2360680103302,0.29367366433143616,0.3471337556838989,0.9356223344802856,0.3556280732154846,0.0,0.0,0.0,0.0,,,0.0,0.0,0.0,0.0,,,0.17178881168365479,0.7453560034434,0.09789122144381206,0.11571125189463298,,
CAD_153.nii.gz,0.536989152431488,9.377848625183105,1.8333722352981567,0.3670438528060913,0.7218359112739563,0.42751234769821167,0.0,0.0,0.0,0.0,,,0.0,0.0,0.0,0.0,,,0.17899638414382935,3.1259495417277017,0.6111240784327189,0.12234795093536377,,
CAD_155.nii.gz,0.36115843057632446,11.588067054748535,4.844049453735352,0.2203742265701294,0.3365079462528229,0.3897058963775635,0.0,0.0,0.0,0.0,,,0.0,0.0,0.0,0.0,,,0.12038614352544148,3.8626890182495117,1.6146831512451172,0.07345807552337646,,
CAD_159.nii.gz,0.28006088733673096,8.66025447845459,3.3953075408935547,0.1628318578004837,0.28177642822265625,0.2783661186695099,0.0,0.0,0.0,0.0,,,0.0,0.0,0.0,0.0,,,0.09335362911224365,2.8867514928181968,1.1317691802978516,0.05427728593349457,,
CAD_160.nii.gz,0.5994440317153931,8.602325439453125,1.2901744842529297,0.42800432443618774,0.8778682351112366,0.4551036059856415,0.0,0.0,0.0,0.0,,,0.0,0.0,0.0,0.0,,,0.19981467723846436,2.8674418131510415,0.43005816141764325,0.1426681081453959,,
CAD_162.nii.gz,0.7207207083702087,13.207889556884766,1.8374238014221191,0.5633803009986877,0.8480565547943115,0.6266318559646606,0.0,0.0,0.0,0.0,,,0.0,0.0,0.0,0.0,,,0.24024023612340292,4.402629852294922,0.6124746004740397,0.18779343366622925,,
CAD_167.nii.gz,0.21321961283683777,24.158828735351562,7.888435363769531,0.1193317398428917,0.1428571492433548,0.42016807198524475,0.0,0.0,0.0,0.0,,,0.0,0.0,0.0,0.0,,,0.07107320427894592,8.052942911783854,2.6294784545898438,0.03977724661429723,,
CAD_170.nii.gz,0.5891304612159729,2.8884735107421875,1.056810736656189,0.4175654947757721,0.9713261723518372,0.4227769076824188,0.0,0.0,0.0,0.0,,,0.0,0.0,0.0,0.0,,,0.1963768204053243,0.9628245035807291,0.352270245552063,0.1391884982585907,,
CAD_171.nii.gz,0.7133679986000061,2.2360680103302,1.185147762298584,0.5544460415840149,0.9541735053062439,0.569614052772522,0.0,0.0,0.0,0.0,,,0.0,0.0,0.0,0.0,,,0.2377893328666687,0.7453560034434,0.395049254099528,0.18481534719467163,,
CAD_174.nii.gz,0.21487602591514587,62.215335845947266,27.767194747924805,0.12037037312984467,0.13526834547519684,0.5221987366676331,0.0,0.0,0.0,0.0,,,0.0,0.0,0.0,0.0,,,0.07162534197171529,20.738445281982422,9.255731582641602,0.04012345770994822,,
CAD_175.nii.gz,0.45838525891304016,8.602325439453125,2.4912967681884766,0.297340989112854,0.5677530169487,0.38434740900993347,0.0,0.0,0.0,0.0,,,0.0,0.0,0.0,0.0,,,0.1527950863043467,2.8674418131510415,0.8304322560628256,0.099113663037618,,
CAD_178.nii.gz,0.5264151096343994,14.899664878845215,2.348778247833252,0.35723432898521423,0.8315946459770203,0.38509318232536316,0.0,0.0,0.0,0.0,,,0.0,0.0,0.0,0.0,,,0.17547170321146646,4.966554959615071,0.782926082611084,0.11907810966173808,,
CAD_182.nii.gz,0.4735986888408661,13.546104431152344,1.8951377868652344,0.31027141213417053,0.8846737742424011,0.3233499825000763,0.0,0.0,0.0,0.0,,,0.0,0.0,0.0,0.0,,,0.15786622961362204,4.515368143717448,0.6317125956217448,0.10342380404472351,,
CAD_183.nii.gz,0.6817895174026489,19.641788482666016,2.5994884967803955,0.5172083973884583,0.8655999898910522,0.5623700618743896,0.0,0.0,0.0,0.0,,,0.0,0.0,0.0,0.0,,,0.22726317246754965,6.547262827555339,0.8664961655934652,0.17240279912948608,,
CAD_189.nii.gz,0.5703550577163696,3.316624879837036,0.4662366509437561,0.3989487588405609,0.9106178879737854,0.4152078628540039,0.0,0.0,0.0,0.0,,,0.0,0.0,0.0,0.0,,,0.1901183525721232,1.1055416266123455,0.15541221698125204,0.1329829196135203,,
CAD_205.nii.gz,0.5243948101997375,2.8284270763397217,0.7192516922950745,0.35537606477737427,0.9194601774215698,0.36679401993751526,0.0,0.0,0.0,0.0,,,0.0,0.0,0.0,0.0,,,0.1747982700665792,0.9428090254465739,0.23975056409835815,0.11845868825912476,,
CAD_209.nii.gz,0.7319523096084595,2.0,1.1081923246383667,0.5772277116775513,0.9765493869781494,0.5853413939476013,0.0,0.0,0.0,0.0,,,0.0,0.0,0.0,0.0,,,0.24398410320281982,0.6666666666666666,0.36939744154612225,0.19240923722585043,,
CAD_213.nii.gz,0.622353732585907,2.8284270763397217,0.878839373588562,0.4517515003681183,0.9599719047546387,0.46042439341545105,0.0,0.0,0.0,0.0,,,0.0,0.0,0.0,0.0,,,0.20745124419530234,0.9428090254465739,0.292946457862854,0.15058383345603943,,
CAD_218.nii.gz,0.6395748257637024,4.0,1.424628734588623,0.4701286256313324,0.9961793422698975,0.4709778428077698,0.0,0.0,0.0,0.0,,,0.0,0.0,0.0,0.0,,,0.2131916085879008,1.3333333333333333,0.47487624486287433,0.1567095418771108,,
CAD_219.nii.gz,0.5692856311798096,3.0,0.6848536729812622,0.39790305495262146,0.9940352439880371,0.3988553583621979,0.0,0.0,0.0,0.0,,,0.0,0.0,0.0,0.0,,,0.18976187705993652,1.0,0.22828455766042074,0.1326343516508738,,
CAD_222.nii.gz,0.4432598352432251,3.316624879837036,0.5806334614753723,0.28473591804504395,0.951882004737854,0.2888941168785095,0.0,0.0,0.0,0.0,,,0.0,0.0,0.0,0.0,,,0.14775327841440836,1.1055416266123455,0.19354448715845743,0.09491197268168132,,
CAD_224.nii.gz,0.6394396424293518,3.1622776985168457,1.0284804105758667,0.4699825346469879,0.9966855049133301,0.47071823477745056,0.0,0.0,0.0,0.0,,,0.0,0.0,0.0,0.0,,,0.2131465474764506,1.054092566172282,0.3428268035252889,0.15666084488232931,,
CAD_225.nii.gz,0.5809838771820068,2.2360680103302,0.7362057566642761,0.409427285194397,0.9773425459861755,0.4133506715297699,0.0,0.0,0.0,0.0,,,0.0,0.0,0.0,0.0,,,0.1936612923940023,0.7453560034434,0.24540191888809204,0.13647576173146567,,
CAD_226.nii.gz,0.4038330018520355,12.4331636428833,2.756699800491333,0.25300171971321106,0.6171548366546631,0.30010172724723816,0.0,0.0,0.0,0.0,,,0.0,0.0,0.0,0.0,,,0.13461100061734518,4.144387880961101,0.918899933497111,0.08433390657107036,,
CAD_227.nii.gz,0.4992862641811371,3.1622776985168457,1.1066133975982666,0.332699179649353,1.0,0.332699179649353,0.0,0.0,0.0,0.0,,,0.0,0.0,0.0,0.0,,,0.16642875472704569,1.054092566172282,0.36887113253275555,0.11089972654978435,,
CAD_228.nii.gz,0.44490519165992737,3.605551242828369,1.1495505571365356,0.28609520196914673,0.9678959846496582,0.2888360917568207,0.0,0.0,0.0,0.0,,,0.0,0.0,0.0,0.0,,,0.1483017305533091,1.201850414276123,0.3831835190455119,0.0953650673230489,,
CAD_230.nii.gz,0.31454506516456604,3.1622776985168457,0.25431936979293823,0.1866232454776764,0.9828495979309082,0.18723297119140625,0.0,0.0,0.0,0.0,,,0.0,0.0,0.0,0.0,,,0.10484835505485535,1.054092566172282,0.08477312326431274,0.0622077484925588,,
CAD_232.nii.gz,0.4307500720024109,3.605551242828369,0.4097731411457062,0.2744942605495453,0.9732770919799805,0.27657872438430786,0.0,0.0,0.0,0.0,,,0.0,0.0,0.0,0.0,,,0.14358335733413696,1.201850414276123,0.13659104704856873,0.09149808684984843,,
CAD_233.nii.gz,0.48118194937705994,3.1622776985168457,0.830726683139801,0.3168134391307831,0.8561151027679443,0.33463120460510254,0.0,0.0,0.0,0.0,,,0.0,0.0,0.0,0.0,,,0.16039398312568665,1.054092566172282,0.27690889437993366,0.10560447971026103,,
CAD_234.nii.gz,0.5296976566314697,2.4494898319244385,0.5531081557273865,0.36026445031166077,0.9922839403152466,0.3612765371799469,0.0,0.0,0.0,0.0,,,0.0,0.0,0.0,0.0,,,0.17656588554382324,0.8164966106414795,0.18436938524246216,0.12008815010388692,,
CAD_235.nii.gz,0.3166455030441284,26.570659637451172,6.579681873321533,0.18810386955738068,0.6992143392562866,0.2046649158000946,0.0,0.0,0.0,0.0,,,0.0,0.0,0.0,0.0,,,0.10554850101470947,8.856886545817057,2.1932272911071777,0.06270128985246022,,
CAD_238.nii.gz,0.6095064878463745,6.196434497833252,1.2048499584197998,0.4383382499217987,0.8673139214515686,0.469845712184906,0.0,0.0,0.0,0.0,,,0.0,0.0,0.0,0.0,,,0.20316882928212485,2.0654781659444175,0.4016166528065999,0.1461127499739329,,
CAD_239.nii.gz,0.606429934501648,3.1622776985168457,0.48627805709838867,0.43516284227371216,0.9400651454925537,0.44758063554763794,0.0,0.0,0.0,0.0,,,0.0,0.0,0.0,0.0,,,0.20214331150054932,1.054092566172282,0.1620926856994629,0.14505428075790405,,
CAD_241.nii.gz,0.5348837375640869,3.1622776985168457,0.12430921941995621,0.3650793731212616,0.9864559769630432,0.36691856384277344,0.0,0.0,0.0,0.0,,,0.0,0.0,0.0,0.0,,,0.17829457918802896,1.054092566172282,0.04143640647331873,0.12169312437375386,,
CAD_242.nii.gz,0.6001234650611877,4.242640495300293,1.5194506645202637,0.4286974370479584,0.9978131055831909,0.4291006028652191,0.0,0.0,0.0,0.0,,,0.0,0.0,0.0,0.0,,,0.2000411550203959,1.414213498433431,0.5064835548400879,0.1428991456826528,,
CAD_246.nii.gz,0.6000000238418579,3.605551242828369,0.5666453242301941,0.4285714328289032,0.875432550907135,0.45640408992767334,0.0,0.0,0.0,0.0,,,0.0,0.0,0.0,0.0,,,0.20000000794728598,1.201850414276123,0.18888177474339804,0.14285714427630106,,
CAD_247.nii.gz,0.6241163611412048,6.164413928985596,0.8172693252563477,0.4536112844944,0.8788396120071411,0.4838709533214569,0.0,0.0,0.0,0.0,,,0.0,0.0,0.0,0.0,,,0.20803878704706827,2.0548046429951987,0.27242310841878253,0.15120376149813333,,
CAD_249.nii.gz,0.4872831702232361,5.099019527435303,1.024736762046814,0.32212451100349426,0.926520824432373,0.33056944608688354,0.0,0.0,0.0,0.0,,,0.0,0.0,0.0,0.0,,,0.16242772340774536,1.6996731758117676,0.3415789206822713,0.10737483700116475,,
CAD_250.nii.gz,0.5522240400314331,3.2162954807281494,0.6938358545303345,0.3814292252063751,0.9490373730659485,0.38940519094467163,0.0,0.0,0.0,0.0,,,0.0,0.0,0.0,0.0,,,0.1840746800104777,1.0720984935760498,0.23127861817677817,0.12714307506879172,,
CAD_251.nii.gz,0.468683660030365,5.0,0.6523976922035217,0.3060658574104309,0.9217119216918945,0.3142348825931549,0.0,0.0,0.0,0.0,,,0.0,0.0,0.0,0.0,,,0.15622788667678833,1.6666666666666667,0.21746589740117392,0.10202195247014363,,
CAD_252.nii.gz,0.48163896799087524,2.2360680103302,0.5952882170677185,0.31720978021621704,0.9857594966888428,0.3186700642108917,0.0,0.0,0.0,0.0,,,0.0,0.0,0.0,0.0,,,0.1605463226636251,0.7453560034434,0.1984294056892395,0.10573659340540568,,
CAD_255.nii.gz,0.5958333611488342,22.494443893432617,4.769541263580322,0.4243323504924774,0.7102649211883545,0.5131579041481018,0.0,0.0,0.0,0.0,,,0.0,0.0,0.0,0.0,,,0.19861112038294473,7.498147964477539,1.5898470878601074,0.1414441168308258,,
CAD_258.nii.gz,0.5689917802810669,2.8284270763397217,0.774003803730011,0.3976159989833832,0.946781575679779,0.4067058563232422,0.0,0.0,0.0,0.0,,,0.0,0.0,0.0,0.0,,,0.18966392676035562,0.9428090254465739,0.25800126791000366,0.1325386663277944,,
CAD_262.nii.gz,0.7407628297805786,3.1622776985168457,0.7717152833938599,0.5882631540298462,0.9833860993385315,0.5941682457923889,0.0,0.0,0.0,0.0,,,0.0,0.0,0.0,0.0,,,0.24692094326019287,1.054092566172282,0.2572384277979533,0.19608771800994873,,
CAD_265.nii.gz,0.421658992767334,3.0,0.38663792610168457,0.2671532928943634,0.8981595039367676,0.2754986882209778,0.0,0.0,0.0,0.0,,,0.0,0.0,0.0,0.0,,,0.14055299758911133,1.0,0.12887930870056152,0.08905109763145447,,
CAD_269.nii.gz,0.3800070881843567,3.605551242828369,0.4963250160217285,0.23457330465316772,0.9907578825950623,0.23508772253990173,0.0,0.0,0.0,0.0,,,0.0,0.0,0.0,0.0,,,0.12666902939478555,1.201850414276123,0.16544167200724283,0.07819110155105591,,
CAD_283.nii.gz,0.5479727983474731,6.324555397033691,1.2600597143173218,0.37738466262817383,0.9247768521308899,0.3893361985683441,0.0,0.0,0.0,0.0,,,0.0,0.0,0.0,0.0,,,0.18265759944915771,2.108185132344564,0.4200199047724406,0.1257948875427246,,
CAD_284.nii.gz,0.3951874077320099,9.273618698120117,2.059626579284668,0.2462514489889145,0.7128547430038452,0.2733674645423889,0.0,0.0,0.0,0.0,,,0.0,0.0,0.0,0.0,,,0.13172913591066995,3.0912062327067056,0.6865421930948893,0.08208381632963817,,
CAD_286.nii.gz,0.6486377120018005,3.464101552963257,1.0780190229415894,0.4799880087375641,0.9965764284133911,0.48078078031539917,0.0,0.0,0.0,0.0,,,0.0,0.0,0.0,0.0,,,0.21621257066726685,1.154700517654419,0.3593396743138631,0.15999600291252136,,
CAD_288.nii.gz,0.37978723645210266,4.123105525970459,0.7411292195320129,0.2344057708978653,0.9596773982048035,0.23673740029335022,0.0,0.0,0.0,0.0,,,0.0,0.0,0.0,0.0,,,0.1265957454840342,1.3743685086568196,0.24704307317733765,0.0781352569659551,,
CAD_289.nii.gz,0.535821259021759,3.1298301219940186,0.6608508825302124,0.3659534156322479,0.9517185091972351,0.3728759288787842,0.0,0.0,0.0,0.0,,,0.0,0.0,0.0,0.0,,,0.17860708634058634,1.0432767073313396,0.2202836275100708,0.12198447187741597,,
CAD_290.nii.gz,0.4391208291053772,3.1622776985168457,0.6020722389221191,0.2813291549682617,0.9397710561752319,0.2864947021007538,0.0,0.0,0.0,0.0,,,0.0,0.0,0.0,0.0,,,0.1463736097017924,1.054092566172282,0.20069074630737305,0.09377638498942058,,
CAD_291.nii.gz,0.4974533021450043,2.2360680103302,0.4582255780696869,0.33107343316078186,0.9881955981254578,0.3323879837989807,0.0,0.0,0.0,0.0,,,0.0,0.0,0.0,0.0,,,0.1658177673816681,0.7453560034434,0.1527418593565623,0.11035781105359395,,
CAD_292.nii.gz,0.5693069100379944,3.1622776985168457,0.3477345407009125,0.39792388677597046,0.9643605947494507,0.4038630425930023,0.0,0.0,0.0,0.0,,,0.0,0.0,0.0,0.0,,,0.1897689700126648,1.054092566172282,0.11591151356697083,0.13264129559199014,,
CAD_294.nii.gz,0.5745642185211182,3.316624879837036,0.5599408745765686,0.40307971835136414,0.791814923286438,0.4508611857891083,0.0,0.0,0.0,0.0,,,0.0,0.0,0.0,0.0,,,0.19152140617370605,1.1055416266123455,0.18664695819218954,0.13435990611712137,,
CAD_295.nii.gz,0.4956437647342682,3.331368923187256,0.6394674777984619,0.3294723331928253,0.792569637298584,0.36056336760520935,0.0,0.0,0.0,0.0,,,0.0,0.0,0.0,0.0,,,0.16521458824475607,1.1104563077290852,0.21315582593282065,0.1098241110642751,,
CAD_297.nii.gz,0.449402391910553,4.370220184326172,0.9035958647727966,0.28982529044151306,0.8703703880310059,0.302900105714798,0.0,0.0,0.0,0.0,,,0.0,0.0,0.0,0.0,,,0.14980079730351767,1.4567400614420574,0.3011986215909322,0.09660843014717102,,
CAD_306.nii.gz,0.5690000057220459,9.05538558959961,1.8379119634628296,0.39762404561042786,0.743790864944458,0.4607287347316742,0.0,0.0,0.0,0.0,,,0.0,0.0,0.0,0.0,,,0.1896666685740153,3.0184618631998696,0.6126373211542765,0.1325413485368093,,
CAD_310.nii.gz,0.4685586988925934,8.674434661865234,0.5710568428039551,0.3059593141078949,0.9824970960617065,0.3076361119747162,0.0,0.0,0.0,0.0,,,0.0,0.0,0.0,0.0,,,0.15618623296419779,2.8914782206217446,0.1903522809346517,0.10198643803596497,,
CAD_313.nii.gz,0.3612231910228729,9.300421714782715,0.6567011475563049,0.22042244672775269,0.9361584782600403,0.2237863391637802,0.0,0.0,0.0,0.0,,,0.0,0.0,0.0,0.0,,,0.12040773034095764,3.1001405715942383,0.2189003825187683,0.0734741489092509,,
CAD_315.nii.gz,0.5030382871627808,2.8284270763397217,0.6800875663757324,0.33603954315185547,0.902797520160675,0.3486540913581848,0.0,0.0,0.0,0.0,,,0.0,0.0,0.0,0.0,,,0.16767942905426025,0.9428090254465739,0.22669585545857748,0.11201318105061848,,
CAD_316.nii.gz,0.7235591411590576,3.0,0.4620867967605591,0.5668567419052124,0.9824526309967041,0.5726546049118042,0.0,0.0,0.0,0.0,,,0.0,0.0,0.0,0.0,,,0.24118638038635254,1.0,0.15402893225351968,0.18895224730173746,,
EMC007.nii.gz,0.5895548462867737,24.919872283935547,3.2302138805389404,0.4179920554161072,0.8133462071418762,0.46234193444252014,0.0,0.0,0.0,0.0,,,0.0,0.0,0.0,0.0,,,0.19651828209559122,8.306624094645182,1.0767379601796467,0.1393306851387024,,
EMC009.nii.gz,0.6983669400215149,3.605551242828369,0.7715489268302917,0.536531388759613,0.9882387518882751,0.5399793386459351,0.0,0.0,0.0,0.0,,,0.0,0.0,0.0,0.0,,,0.23278898000717163,1.201850414276123,0.25718297561009723,0.17884379625320435,,
EMC010.nii.gz,0.5564516186714172,12.65108585357666,0.3878726363182068,0.3854748606681824,0.9912930130958557,0.3867844343185425,0.0,0.0,0.0,0.0,,,0.0,0.0,0.0,0.0,,,0.1854838728904724,4.217028617858887,0.1292908787727356,0.12849162022272745,,
EMC011.nii.gz,0.20250284671783447,78.58084869384766,16.99941635131836,0.11265822499990463,0.11994609236717224,0.6496350169181824,0.0,0.0,0.0,0.0,,,0.0,0.0,0.0,0.0,,,0.06750094890594482,26.19361623128255,5.66647211710612,0.03755274166663488,,
EMC012.nii.gz,0.857610285282135,2.2360680103302,0.559623122215271,0.7507160902023315,0.9967730641365051,0.7525449991226196,0.0,0.0,0.0,0.0,,,0.0,0.0,0.0,0.0,,,0.285870095094045,0.7453560034434,0.18654104073842367,0.25023869673411053,,
EMC014.nii.gz,0.5432358384132385,3.0,0.6993467211723328,0.37290582060813904,0.9854961633682251,0.3749637007713318,0.0,0.0,0.0,0.0,,,0.0,0.0,0.0,0.0,,,0.18107861280441284,1.0,0.23311557372411093,0.12430194020271301,,
EMC018.nii.gz,0.5377610921859741,31.96168327331543,7.376554012298584,0.3677655756473541,0.5075834393501282,0.571753978729248,0.0,0.0,0.0,0.0,,,0.0,0.0,0.0,0.0,,,0.1792536973953247,10.653894424438477,2.4588513374328613,0.12258852521578471,,
EMC021.nii.gz,0.6283445954322815,48.98085403442383,9.763275146484375,0.45809218287467957,0.7261297702789307,0.5537704229354858,0.0,0.0,0.0,0.0,,,0.0,0.0,0.0,0.0,,,0.20944819847742716,16.32695134480794,3.254425048828125,0.15269739429155985,,
EMC024.nii.gz,0.15659955143928528,53.6674919128418,20.863679885864258,0.08495145291090012,0.1265822798013687,0.20527859032154083,0.0,0.0,0.0,0.0,,,0.0,0.0,0.0,0.0,,,0.05219985047976176,17.889163970947266,6.954559961954753,0.028317150970300037,,
EMC030.nii.gz,0.6601752638816833,8.062257766723633,1.2653725147247314,0.49273255467414856,0.8432835936546326,0.5424000024795532,0.0,0.0,0.0,0.0,,,0.0,0.0,0.0,0.0,,,0.22005842129389444,2.6874192555745444,0.42179083824157715,0.16424418489138284,,
EMC033.nii.gz,0.250650018453598,42.7910041809082,12.645231246948242,0.14328180253505707,0.14941103756427765,0.7774193286895752,0.0,0.0,0.0,0.0,,,0.0,0.0,0.0,0.0,,,0.08355000615119934,14.263668060302734,4.215077082316081,0.04776060084501902,,
EMC034.nii.gz,0.6563253998756409,51.49072265625,7.724278926849365,0.4884556233882904,0.7420108914375305,0.5883806943893433,0.0,0.0,0.0,0.0,,,0.0,0.0,0.0,0.0,,,0.21877513329188028,17.16357421875,2.5747596422831216,0.16281854112943014,,
EMC036.nii.gz,0.5801320672035217,10.816654205322266,1.7527929544448853,0.4085817039012909,0.933365523815155,0.42085781693458557,0.0,0.0,0.0,0.0,,,0.0,0.0,0.0,0.0,,,0.19337735573450723,3.6055514017740884,0.584264318148295,0.1361939013004303,,
EMC040.nii.gz,0.5678279995918274,3.1622776985168457,0.5297899842262268,0.3964803218841553,0.8865740895271301,0.41766631603240967,0.0,0.0,0.0,0.0,,,0.0,0.0,0.0,0.0,,,0.18927599986394247,1.054092566172282,0.17659666140874228,0.13216010729471842,,
EMC041.nii.gz,0.6833091378211975,10.488088607788086,3.1358017921447754,0.5189594626426697,0.8306280970573425,0.5803747773170471,0.0,0.0,0.0,0.0,,,0.0,0.0,0.0,0.0,,,0.22776971260706583,3.496029535929362,1.0452672640482585,0.17298648754755655,,
EMC043.nii.gz,0.5470507740974426,5.099019527435303,0.5817663669586182,0.3765105605125427,0.7813479900360107,0.4208526909351349,0.0,0.0,0.0,0.0,,,0.0,0.0,0.0,0.0,,,0.18235025803248087,1.6996731758117676,0.1939221223195394,0.12550352017084757,,
EMC045.nii.gz,0.4278161823749542,8.306623458862305,1.0211927890777588,0.27211588621139526,0.8276947140693665,0.2884562611579895,0.0,0.0,0.0,0.0,,,0.0,0.0,0.0,0.0,,,0.14260539412498474,2.768874486287435,0.34039759635925293,0.09070529540379842,,
EMC047.nii.gz,0.37193575501441956,36.23431396484375,9.077191352844238,0.22845275700092316,0.29609689116477966,0.5,0.0,0.0,0.0,0.0,,,0.0,0.0,0.0,0.0,,,0.12397858500480652,12.078104654947916,3.0257304509480796,0.07615091900030772,,
EMC049.nii.gz,0.46335697174072266,35.84258270263672,8.355987548828125,0.30153846740722656,0.44954127073287964,0.47804877161979675,0.0,0.0,0.0,0.0,,,0.0,0.0,0.0,0.0,,,0.15445232391357422,11.947527567545572,2.7853291829427085,0.10051282246907552,,
EMC065.nii.gz,0.39765769243240356,45.72307586669922,13.849004745483398,0.24817276000976562,0.35520684719085693,0.45163241028785706,0.0,0.0,0.0,0.0,,,0.0,0.0,0.0,0.0,,,0.13255256414413452,15.24102528889974,4.616334915161133,0.08272425333658855,,
EMC068.nii.gz,0.6839481592178345,10.993136405944824,2.2114670276641846,0.5196969509124756,0.7795454263687134,0.6092362403869629,0.0,0.0,0.0,0.0,,,0.0,0.0,0.0,0.0,,,0.22798271973927817,3.664378801981608,0.7371556758880615,0.1732323169708252,,
EMC071.nii.gz,0.6015779376029968,2.8284270763397217,0.3932487964630127,0.4301833510398865,0.9220691919326782,0.446414053440094,0.0,0.0,0.0,0.0,,,0.0,0.0,0.0,0.0,,,0.20052597920099893,0.9428090254465739,0.13108293215433756,0.14339445034662882,,
EMC073.nii.gz,0.3380855321884155,4.443826675415039,1.2837144136428833,0.2034313678741455,0.6256281137466431,0.2316279113292694,0.0,0.0,0.0,0.0,,,0.0,0.0,0.0,0.0,,,0.1126951773961385,1.4812755584716797,0.42790480454762775,0.06781045595804851,,
EMC075.nii.gz,0.5247209072113037,6.63995361328125,0.5385847091674805,0.35567566752433777,0.8322091102600098,0.38315218687057495,0.0,0.0,0.0,0.0,,,0.0,0.0,0.0,0.0,,,0.17490696907043457,2.21331787109375,0.17952823638916016,0.11855855584144592,,
EMC076.nii.gz,0.6032814383506775,4.494191646575928,0.611903965473175,0.43192771077156067,0.9244455695152283,0.44773322343826294,0.0,0.0,0.0,0.0,,,0.0,0.0,0.0,0.0,,,0.20109381278355917,1.4980638821919758,0.20396798849105835,0.14397590359052023,,
EMC077.nii.gz,0.17940199375152588,81.34616088867188,41.439308166503906,0.09854014962911606,0.12949639558792114,0.2918919026851654,0.0,0.0,0.0,0.0,,,0.0,0.0,0.0,0.0,,,0.05980066458384196,27.115386962890625,13.813102722167969,0.03284671654303869,,
EMC083.nii.gz,0.16961562633514404,16.42558479309082,4.293448448181152,0.09266666322946548,0.4557377099990845,0.1041979044675827,0.0,0.0,0.0,0.0,,,0.0,0.0,0.0,0.0,,,0.05653854211171468,5.475194931030273,1.4311494827270508,0.030888887743155163,,
EMC087.nii.gz,0.4967257082462311,4.358899116516113,1.1885707378387451,0.33042919635772705,1.0,0.33042919635772705,0.0,0.0,0.0,0.0,,,0.0,0.0,0.0,0.0,,,0.16557523608207703,1.4529663721720378,0.39619024594624835,0.11014306545257568,,
EMC091.nii.gz,0.7495401501655579,25.07588005065918,0.9301460981369019,0.5994116067886353,0.9976307153701782,0.6002660989761353,0.0,0.0,0.0,0.0,,,0.0,0.0,0.0,0.0,,,0.24984671672185263,8.35862668355306,0.3100486993789673,0.19980386892954508,,
EMC092.nii.gz,0.5933545827865601,10.29563045501709,0.46832218766212463,0.4218224287033081,0.9836289286613464,0.42480483651161194,0.0,0.0,0.0,0.0,,,0.0,0.0,0.0,0.0,,,0.19778486092885336,3.43187681833903,0.15610739588737488,0.14060747623443604,,
EMC097.nii.gz,0.42520105838775635,10.816654205322266,0.4226927161216736,0.27000337839126587,0.9996231198310852,0.2700308859348297,0.0,0.0,0.0,0.0,,,0.0,0.0,0.0,0.0,,,0.1417336861292521,3.6055514017740884,0.14089757204055786,0.09000112613042195,,
EMC101.nii.gz,0.7614230513572693,6.7082037925720215,1.4350459575653076,0.6147563457489014,0.9010375142097473,0.6592700481414795,0.0,0.0,0.0,0.0,,,0.0,0.0,0.0,0.0,,,0.2538076837857564,2.2360679308573403,0.4783486525217692,0.20491878191630045,,
EMC121.nii.gz,0.610628604888916,53.02396774291992,11.938029289245605,0.4394998848438263,0.6924874782562256,0.5460768938064575,0.0,0.0,0.0,0.0,,,0.0,0.0,0.0,0.0,,,0.20354286829630533,17.67465591430664,3.9793430964152017,0.14649996161460876,,
EMC122.nii.gz,0.8175182342529297,1.4142135381698608,0.4601692259311676,0.6913580298423767,0.9599999785423279,0.7118644118309021,0.0,0.0,0.0,0.0,,,0.0,0.0,0.0,0.0,,,0.2725060780843099,0.47140451272328693,0.15338974197705588,0.23045267661412558,,
EMC157.nii.gz,0.0,99.96194458007812,33.89610290527344,0.0,0.0,0.0,0.0,0.0,0.0,0.0,,,0.0,0.0,0.0,0.0,,,0.0,33.320648193359375,11.298700968424479,0.0,,
IU_1.nii.gz,0.1186525896191597,54.995426177978516,18.17841911315918,0.06306787580251694,0.06640405207872391,0.5566037893295288,0.0,0.0,0.0,0.0,,,0.0,0.0,0.0,0.0,,,0.039550863206386566,18.33180872599284,6.059473037719727,0.021022625267505646,,
IU_12.nii.gz,0.5259454846382141,4.358899116516113,0.5095693469047546,0.3568018972873688,0.9143730998039246,0.3691357970237732,0.0,0.0,0.0,0.0,,,0.0,0.0,0.0,0.0,,,0.17531516154607138,1.4529663721720378,0.16985644896825156,0.11893396576245625,,
IU_13.nii.gz,0.7973363995552063,57.28874206542969,5.642216682434082,0.6629754304885864,0.9029508233070374,0.7138413786888123,0.0,0.0,0.0,0.0,,,0.0,0.0,0.0,0.0,,,0.2657787998517354,19.09624735514323,1.880738894144694,0.22099181016286215,,
IU_15.nii.gz,0.06233987957239151,133.8273162841797,78.43692779541016,0.03217276185750961,0.03309156745672226,0.5367646813392639,0.0,0.0,0.0,0.0,,,0.0,0.0,0.0,0.0,,,0.020779959857463837,44.6091054280599,26.14564259847005,0.010724253952503204,,
IU_16.nii.gz,0.5927461385726929,114.49454498291016,18.51699447631836,0.4212076663970947,0.5652173757553101,0.6230936646461487,0.0,0.0,0.0,0.0,,,0.0,0.0,0.0,0.0,,,0.19758204619089761,38.16484832763672,6.17233149210612,0.14040255546569824,,
IU_18.nii.gz,0.6685810089111328,9.899495124816895,1.2176012992858887,0.5021567344665527,0.88698410987854,0.5364823341369629,0.0,0.0,0.0,0.0,,,0.0,0.0,0.0,0.0,,,0.22286033630371094,3.2998317082722983,0.4058670997619629,0.16738557815551758,,
IU_19.nii.gz,0.37442922592163086,13.190905570983887,4.6781229972839355,0.23033708333969116,0.3333333432674408,0.4270833432674408,0.0,0.0,0.0,0.0,,,0.0,0.0,0.0,0.0,,,0.12480974197387695,4.396968523661296,1.5593743324279785,0.07677902777989705,,
IU_2.nii.gz,0.23940227925777435,9.944830894470215,0.6427334547042847,0.1359778493642807,1.0,0.1359778493642807,0.0,0.0,0.0,0.0,,,0.0,0.0,0.0,0.0,,,0.07980075975259145,3.3149436314900718,0.21424448490142822,0.04532594978809357,,
IU_21.nii.gz,0.4498327672481537,11.48912525177002,3.6917614936828613,0.2901833951473236,0.6248548030853271,0.3514043092727661,0.0,0.0,0.0,0.0,,,0.0,0.0,0.0,0.0,,,0.14994425574938455,3.8297084172566733,1.2305871645609539,0.09672779838244121,,
IU_23.nii.gz,0.537342369556427,6.321307182312012,0.9032857418060303,0.3673740029335022,0.805232584476471,0.4032023251056671,0.0,0.0,0.0,0.0,,,0.0,0.0,0.0,0.0,,,0.17911412318547568,2.107102394104004,0.30109524726867676,0.12245800097783406,,
IU_26.nii.gz,0.21963393688201904,92.38236236572266,22.442094802856445,0.12336448580026627,0.13351315259933472,0.6187499761581421,0.0,0.0,0.0,0.0,,,0.0,0.0,0.0,0.0,,,0.07321131229400635,30.79412078857422,7.480698267618815,0.041121495266755424,,
IU_3.nii.gz,0.5795891880989075,8.062257766723633,0.8041149377822876,0.40804338455200195,0.9034517407417297,0.42664778232574463,0.0,0.0,0.0,0.0,,,0.0,0.0,0.0,0.0,,,0.19319639603296915,2.6874192555745444,0.2680383125940959,0.13601446151733398,,
IU_31.nii.gz,0.40445128083229065,3.605551242828369,0.5865622758865356,0.2534872591495514,0.8070443868637085,0.2698412835597992,0.0,0.0,0.0,0.0,,,0.0,0.0,0.0,0.0,,,0.13481709361076355,1.201850414276123,0.19552075862884521,0.08449575304985046,,
IU_32.nii.gz,0.3803997337818146,21.931713104248047,5.691920280456543,0.23487260937690735,0.3523089289665222,0.41335824131965637,0.0,0.0,0.0,0.0,,,0.0,0.0,0.0,0.0,,,0.12679991126060486,7.310571034749349,1.897306760152181,0.07829086979230244,,
IU_33.nii.gz,0.6979166865348816,34.72462844848633,4.493247032165527,0.5360000133514404,0.7924143671989441,0.6235558390617371,0.0,0.0,0.0,0.0,,,0.0,0.0,0.0,0.0,,,0.2326388955116272,11.574876149495443,1.4977490107218425,0.17866667111714682,,
IU_34.nii.gz,0.5807635188102722,6.7082037925720215,0.16961929202079773,0.40920841693878174,1.0,0.40920841693878174,0.0,0.0,0.0,0.0,,,0.0,0.0,0.0,0.0,,,0.19358783960342407,2.2360679308573403,0.05653976400693258,0.1364028056462606,,
IU_35.nii.gz,0.5185779333114624,3.1622776985168457,0.3667513430118561,0.35005414485931396,0.9399224519729614,0.3580656945705414,0.0,0.0,0.0,0.0,,,0.0,0.0,0.0,0.0,,,0.1728593111038208,1.054092566172282,0.1222504476706187,0.11668471495310466,,
IU_36.nii.gz,0.09841269999742508,80.20100402832031,32.923702239990234,0.05175292119383812,0.05392085760831833,0.5627836585044861,0.0,0.0,0.0,0.0,,,0.0,0.0,0.0,0.0,,,0.03280423333247503,26.733668009440105,10.974567413330078,0.017250973731279373,,
IU_37.nii.gz,0.2826010584831238,53.10272979736328,17.963943481445312,0.1645517796278,0.1760070025920868,0.7165775299072266,0.0,0.0,0.0,0.0,,,0.0,0.0,0.0,0.0,,,0.09420035282770793,17.700909932454426,5.9879811604817705,0.05485059320926666,,
IU_39.nii.gz,0.2063227891921997,58.47648620605469,29.200864791870117,0.11502783000469208,0.13276231288909912,0.46268656849861145,0.0,0.0,0.0,0.0,,,0.0,0.0,0.0,0.0,,,0.06877426306406657,19.492162068684895,9.733621597290039,0.038342610001564026,,
IU_40.nii.gz,0.5128018856048584,3.7416574954986572,1.0160977840423584,0.34481075406074524,0.948924720287323,0.3513311743736267,0.0,0.0,0.0,0.0,,,0.0,0.0,0.0,0.0,,,0.17093396186828613,1.247219165166219,0.3386992613474528,0.11493691802024841,,
IU_42.nii.gz,0.37236085534095764,5.099019527435303,1.3029773235321045,0.2287735790014267,0.6029005646705627,0.26936131715774536,0.0,0.0,0.0,0.0,,,0.0,0.0,0.0,0.0,,,0.12412028511365254,1.6996731758117676,0.4343257745107015,0.07625785966714223,,
IU_43.nii.gz,0.4900533854961395,11.471654891967773,1.7357628345489502,0.3245501220226288,0.8347107172012329,0.34684064984321594,0.0,0.0,0.0,0.0,,,0.0,0.0,0.0,0.0,,,0.16335112849871317,3.823884963989258,0.5785876115163168,0.10818337400754292,,
IU_45.nii.gz,0.5888324975967407,5.354852199554443,0.5885270833969116,0.41726619005203247,0.8877550959587097,0.44050633907318115,0.0,0.0,0.0,0.0,,,0.0,0.0,0.0,0.0,,,0.19627749919891357,1.7849507331848145,0.1961756944656372,0.13908873001734415,,
IU_51.nii.gz,0.6059654355049133,5.421095848083496,3.8114359378814697,0.434684693813324,0.9018691778182983,0.45626476407051086,0.0,0.0,0.0,0.0,,,0.0,0.0,0.0,0.0,,,0.20198847850163779,1.8070319493611653,1.27047864596049,0.14489489793777466,,
IU_52.nii.gz,0.44735050201416016,5.099019527435303,0.7550442218780518,0.28812071681022644,0.796700656414032,0.31098484992980957,0.0,0.0,0.0,0.0,,,0.0,0.0,0.0,0.0,,,0.14911683400472006,1.6996731758117676,0.2516814072926839,0.09604023893674214,,
IU_59.nii.gz,0.004619565326720476,109.7508544921875,50.0003776550293,0.0023151300847530365,0.02958579920232296,0.0025053792633116245,0.0,0.0,0.0,0.0,,,0.0,0.0,0.0,0.0,,,0.0015398551089068253,36.5836181640625,16.666792551676433,0.0007717100282510122,,
IU_61.nii.gz,0.3706335127353668,96.35244750976562,43.499969482421875,0.22747093439102173,0.3413304388523102,0.40544041991233826,0.0,0.0,0.0,0.0,,,0.0,0.0,0.0,0.0,,,0.12354450424512227,32.11748250325521,14.499989827473959,0.07582364479700725,,
IU_62.nii.gz,0.6172273755073547,6.252460479736328,0.35167059302330017,0.4463694095611572,0.9924226403236389,0.447895884513855,0.0,0.0,0.0,0.0,,,0.0,0.0,0.0,0.0,,,0.20574245850245157,2.084153493245443,0.11722353100776672,0.1487898031870524,,
IU_63.nii.gz,0.5026595592498779,4.055397033691406,0.46790221333503723,0.335701584815979,0.8915094137191772,0.3499999940395355,0.0,0.0,0.0,0.0,,,0.0,0.0,0.0,0.0,,,0.16755318641662598,1.3517990112304688,0.15596740444501242,0.111900528271993,,
IU_66.nii.gz,0.7954775094985962,2.2360680103302,0.3469713628292084,0.6604089736938477,0.9974683523178101,0.6615177989006042,0.0,0.0,0.0,0.0,,,0.0,0.0,0.0,0.0,,,0.2651591698328654,0.7453560034434,0.11565712094306946,0.22013632456461588,,
IU_72.nii.gz,0.4977521002292633,8.66025447845459,0.5487405061721802,0.33133816719055176,0.9993552565574646,0.3314090371131897,0.0,0.0,0.0,0.0,,,0.0,0.0,0.0,0.0,,,0.16591736674308777,2.8867514928181968,0.1829135020573934,0.11044605573018391,,
IU_76.nii.gz,0.473943293094635,3.605551242828369,0.54628586769104,0.31056728959083557,0.9522510170936584,0.31548023223876953,0.0,0.0,0.0,0.0,,,0.0,0.0,0.0,0.0,,,0.15798109769821167,1.201850414276123,0.18209528923034668,0.10352242986361186,,
IU_78.nii.gz,0.47094491124153137,19.531082153320312,5.116076469421387,0.30799734592437744,0.523007869720459,0.4283088147640228,0.0,0.0,0.0,0.0,,,0.0,0.0,0.0,0.0,,,0.15698163708051047,6.5103607177734375,1.7053588231404622,0.10266578197479248,,
IU_9.nii.gz,0.39344263076782227,2.2360680103302,0.4876447916030884,0.2448979616165161,0.8918918967247009,0.252390056848526,0.0,0.0,0.0,0.0,,,0.0,0.0,0.0,0.0,,,0.13114754358927408,0.7453560034434,0.16254826386769614,0.08163265387217204,,
mca_05.nii.gz,0.5685736536979675,10.66739273071289,0.3429199159145355,0.39720773696899414,0.9836626052856445,0.39984557032585144,0.0,0.0,0.0,0.0,,,0.0,0.0,0.0,0.0,,,0.18952455123265585,3.555797576904297,0.11430663863817851,0.1324025789896647,,
mca_10.nii.gz,0.5096251368522644,25.91517448425293,3.1736814975738525,0.34194424748420715,0.6473616361618042,0.42021721601486206,0.0,0.0,0.0,0.0,,,0.0,0.0,0.0,0.0,,,0.16987504561742148,8.638391494750977,1.0578938325246174,0.11398141582806905,,
mca_124.nii.gz,0.18086394667625427,129.76612854003906,67.27070617675781,0.09942299127578735,0.11612234264612198,0.40875911712646484,0.0,0.0,0.0,0.0,,,0.0,0.0,0.0,0.0,,,0.06028798222541809,43.25537618001302,22.423568725585938,0.033140997091929116,,
mca_126.nii.gz,0.5182943344116211,11.674692153930664,1.9670389890670776,0.34979575872421265,0.796954333782196,0.38401955366134644,0.0,0.0,0.0,0.0,,,0.0,0.0,0.0,0.0,,,0.17276477813720703,3.891564051310221,0.6556796630223592,0.11659858624140422,,
mca_138.nii.gz,0.4361426532268524,5.099019527435303,0.04654710739850998,0.2788890302181244,0.9864804148674011,0.2799590826034546,0.0,0.0,0.0,0.0,,,0.0,0.0,0.0,0.0,,,0.1453808844089508,1.6996731758117676,0.015515702466169993,0.09296301007270813,,
mca_14.nii.gz,0.3649390935897827,7.141428470611572,0.9984004497528076,0.22319602966308594,0.8536312580108643,0.23207776248455048,0.0,0.0,0.0,0.0,,,0.0,0.0,0.0,0.0,,,0.12164636452992757,2.380476156870524,0.33280014991760254,0.07439867655436198,,
mca_140.nii.gz,0.4928838908672333,4.0,0.49120840430259705,0.3270377814769745,0.8703703880310059,0.3437826633453369,0.0,0.0,0.0,0.0,,,0.0,0.0,0.0,0.0,,,0.16429463028907776,1.3333333333333333,0.16373613476753235,0.10901259382565816,,
mca_15.nii.gz,0.3268139958381653,6.0,1.1472870111465454,0.1953243613243103,0.9852257370948792,0.1958981603384018,0.0,0.0,0.0,0.0,,,0.0,0.0,0.0,0.0,,,0.10893799861272176,2.0,0.38242900371551514,0.06510812044143677,,
mca_22.nii.gz,0.46625179052352905,4.123105525970459,0.3066198229789734,0.3039950132369995,0.9425806403160095,0.30973076820373535,0.0,0.0,0.0,0.0,,,0.0,0.0,0.0,0.0,,,0.15541726350784302,1.3743685086568196,0.10220660765965779,0.10133167107899983,,
mca_24.nii.gz,0.4689655303955078,26.138080596923828,7.363031387329102,0.30630630254745483,0.3812193274497986,0.6091825366020203,0.0,0.0,0.0,0.0,,,0.0,0.0,0.0,0.0,,,0.15632184346516928,8.712693532307943,2.454343795776367,0.10210210084915161,,
mca_26.nii.gz,0.47429171204566956,4.358899116516113,0.14540308713912964,0.3108665645122528,0.9596602916717529,0.3149825930595398,0.0,0.0,0.0,0.0,,,0.0,0.0,0.0,0.0,,,0.15809723734855652,1.4529663721720378,0.04846769571304321,0.10362218817075093,,
mca_30.nii.gz,0.022940563037991524,175.2740478515625,74.0083999633789,0.011603375896811485,0.019106268882751465,0.028700189664959908,0.0,0.0,0.0,0.0,,,0.0,0.0,0.0,0.0,,,0.007646854345997174,58.4246826171875,24.669466654459637,0.0038677919656038284,,
mca_45.nii.gz,0.6713927984237671,3.1622776985168457,0.6413829922676086,0.5053358674049377,0.9797160029411316,0.510678768157959,0.0,0.0,0.0,0.0,,,0.0,0.0,0.0,0.0,,,0.22379759947458902,1.054092566172282,0.21379433075586954,0.16844528913497925,,
mca_63.nii.gz,0.31804436445236206,70.78629302978516,25.54811668395996,0.1890919953584671,0.20991350710391998,0.6559251546859741,0.0,0.0,0.0,0.0,,,0.0,0.0,0.0,0.0,,,0.10601478815078735,23.595431009928387,8.51603889465332,0.06303066511948903,,
mca_75.nii.gz,0.4369911253452301,5.385164737701416,0.5801001787185669,0.27958324551582336,0.9711155295372009,0.2819277048110962,0.0,0.0,0.0,0.0,,,0.0,0.0,0.0,0.0,,,0.14566370844841003,1.7950549125671387,0.1933667262395223,0.09319441517194112,,
MCF_03.nii.gz,0.09331259876489639,70.2103271484375,17.475156784057617,0.04893964156508446,0.053619302809238434,0.359281450510025,0.0,0.0,0.0,0.0,,,0.0,0.0,0.0,0.0,,,0.031104199588298798,23.4034423828125,5.825052261352539,0.016313213855028152,,
MCF_04.nii.gz,0.4952673316001892,16.939546585083008,2.896164894104004,0.32913973927497864,0.7953985333442688,0.35958394408226013,0.0,0.0,0.0,0.0,,,0.0,0.0,0.0,0.0,,,0.1650891105333964,5.646515528361003,0.965388298034668,0.10971324642499287,,
MCF_05.nii.gz,0.3332498371601105,3.605551242828369,1.1179805994033813,0.19993987679481506,0.9697979688644409,0.20119263231754303,0.0,0.0,0.0,0.0,,,0.0,0.0,0.0,0.0,,,0.11108327905337016,1.201850414276123,0.37266019980112713,0.06664662559827168,,
MCF_06.nii.gz,0.5529119372367859,3.0,0.9022826552391052,0.3820858597755432,0.9726212024688721,0.3862400949001312,0.0,0.0,0.0,0.0,,,0.0,0.0,0.0,0.0,,,0.18430397907892862,1.0,0.3007608850797017,0.1273619532585144,,
MCF_10.nii.gz,0.5065440535545349,14.272339820861816,3.822324275970459,0.3391757607460022,0.6400476694107056,0.41912195086479187,0.0,0.0,0.0,0.0,,,0.0,0.0,0.0,0.0,,,0.16884801785151163,4.7574466069539385,1.274108091990153,0.11305858691533406,,
MCF_12.nii.gz,0.5731433033943176,3.1622776985168457,0.42660149931907654,0.40168243646621704,0.9759123921394348,0.4057047367095947,0.0,0.0,0.0,0.0,,,0.0,0.0,0.0,0.0,,,0.19104776779810587,1.054092566172282,0.1422004997730255,0.133894145488739,,
MCF_14.nii.gz,0.10682492703199387,45.26761245727539,21.747764587402344,0.05642633140087128,0.06428571790456772,0.31578946113586426,0.0,0.0,0.0,0.0,,,0.0,0.0,0.0,0.0,,,0.03560830901066462,15.08920415242513,7.249254862467448,0.01880877713362376,,
MCF_16.nii.gz,0.48622167110443115,5.398970603942871,1.5638470649719238,0.32119742035865784,0.7345051169395447,0.36338672041893005,0.0,0.0,0.0,0.0,,,0.0,0.0,0.0,0.0,,,0.1620738903681437,1.799656867980957,0.5212823549906412,0.10706580678621928,,
MCF_18.nii.gz,0.5499334335327148,8.9442720413208,1.7381844520568848,0.3792470097541809,0.7290379405021667,0.44147515296936035,0.0,0.0,0.0,0.0,,,0.0,0.0,0.0,0.0,,,0.18331114451090494,2.9814240137736,0.5793948173522949,0.1264156699180603,,
MCF_20.nii.gz,0.4063203036785126,5.830951690673828,1.6893539428710938,0.25495731830596924,0.999830961227417,0.2549683153629303,0.0,0.0,0.0,0.0,,,0.0,0.0,0.0,0.0,,,0.13544010122617087,1.9436505635579426,0.5631179809570312,0.08498577276865642,,
MCF_24.nii.gz,0.4645175635814667,3.1622776985168457,0.3522232174873352,0.302522212266922,0.9679046273231506,0.3055877387523651,0.0,0.0,0.0,0.0,,,0.0,0.0,0.0,0.0,,,0.1548391878604889,1.054092566172282,0.11740773916244507,0.10084073742230733,,
MCF_25.nii.gz,0.4495219588279724,4.123105525970459,0.926978349685669,0.2899247705936432,0.9859943985939026,0.2911236882209778,0.0,0.0,0.0,0.0,,,0.0,0.0,0.0,0.0,,,0.14984065294265747,1.3743685086568196,0.30899278322855633,0.09664159019788106,,
MCF_26.nii.gz,0.4967195689678192,3.0,0.7730121612548828,0.3304237425327301,0.990827739238739,0.3314375579357147,0.0,0.0,0.0,0.0,,,0.0,0.0,0.0,0.0,,,0.16557318965593973,1.0,0.25767072041829425,0.11014124751091003,,
MCF_27.nii.gz,0.5276893973350525,4.0,1.069421410560608,0.35840898752212524,0.9657502174377441,0.3630233108997345,0.0,0.0,0.0,0.0,,,0.0,0.0,0.0,0.0,,,0.17589646577835083,1.3333333333333333,0.35647380352020264,0.11946966250737508,,
MCF_28.nii.gz,0.44870826601982117,3.1622776985168457,0.650179922580719,0.28924813866615295,0.9440559148788452,0.29429250955581665,0.0,0.0,0.0,0.0,,,0.0,0.0,0.0,0.0,,,0.14956942200660706,1.054092566172282,0.21672664086023966,0.09641604622205098,,
MCF_30.nii.gz,0.32286617159843445,4.582575798034668,1.2790601253509521,0.1925106793642044,0.9453872442245483,0.19467563927173615,0.0,0.0,0.0,0.0,,,0.0,0.0,0.0,0.0,,,0.10762205719947815,1.527525266011556,0.42635337511698407,0.0641702264547348,,
MCF_38.nii.gz,0.4740128517150879,22.86151885986328,4.978262424468994,0.3106270432472229,0.6744186282157898,0.3654254674911499,0.0,0.0,0.0,0.0,,,0.0,0.0,0.0,0.0,,,0.1580042839050293,7.620506286621094,1.6594208081563313,0.1035423477490743,,
MCF_41.nii.gz,0.3766612708568573,8.074610710144043,1.34110426902771,0.2320287525653839,0.6412803530693054,0.26663607358932495,0.0,0.0,0.0,0.0,,,0.0,0.0,0.0,0.0,,,0.12555375695228577,2.6915369033813477,0.44703475634257,0.07734291752179463,,
MCF_42.nii.gz,0.12121212482452393,97.88258361816406,41.8219108581543,0.06451612710952759,0.07552258670330048,0.30684930086135864,0.0,0.0,0.0,0.0,,,0.0,0.0,0.0,0.0,,,0.040404041608174644,32.62752787272135,13.9406369527181,0.02150537570317586,,
NU_03.nii.gz,0.4732394218444824,51.447017669677734,21.858665466308594,0.3099631071090698,0.48275861144065857,0.46408841013908386,0.0,0.0,0.0,0.0,,,0.0,0.0,0.0,0.0,,,0.1577464739481608,17.149005889892578,7.286221822102864,0.10332103570302327,,
NU_06.nii.gz,0.5348837375640869,47.701080322265625,2.6756489276885986,0.3650793731212616,0.7603305578231812,0.4125560522079468,0.0,0.0,0.0,0.0,,,0.0,0.0,0.0,0.0,,,0.17829457918802896,15.900360107421875,0.8918829758961996,0.12169312437375386,,
NU_101.nii.gz,0.6076053380966187,29.639442443847656,6.384415626525879,0.43637436628341675,0.6699909567832947,0.5558480620384216,0.0,0.0,0.0,0.0,,,0.0,0.0,0.0,0.0,,,0.2025351126988729,9.879814147949219,2.128138542175293,0.14545812209447226,,
NU_102.nii.gz,0.4944048821926117,74.15792846679688,29.074453353881836,0.3283783793449402,0.4362657070159912,0.5704225301742554,0.0,0.0,0.0,0.0,,,0.0,0.0,0.0,0.0,,,0.16480162739753723,24.719309488932293,9.691484451293945,0.10945945978164673,,
NU_104.nii.gz,0.4785992205142975,16.522628784179688,2.7894675731658936,0.31457799673080444,0.7028571367263794,0.36283186078071594,0.0,0.0,0.0,0.0,,,0.0,0.0,0.0,0.0,,,0.15953307350476584,5.5075429280598955,0.9298225243886312,0.10485933224360149,,
NU_108.nii.gz,0.5107913613319397,5.830951690673828,1.3938032388687134,0.34299516677856445,0.6425339579582214,0.42388060688972473,0.0,0.0,0.0,0.0,,,0.0,0.0,0.0,0.0,,,0.17026378711064658,1.9436505635579426,0.4646010796229045,0.11433172225952148,,
NU_110.nii.gz,0.578125,11.685441017150879,2.6280312538146973,0.4065934121608734,0.6727272868156433,0.5068492889404297,0.0,0.0,0.0,0.0,,,0.0,0.0,0.0,0.0,,,0.19270833333333334,3.8951470057169595,0.8760104179382324,0.1355311373869578,,
NU_113.nii.gz,0.13689319789409637,101.1577377319336,54.93428421020508,0.07347577065229416,0.07536076754331589,0.7460317611694336,0.0,0.0,0.0,0.0,,,0.0,0.0,0.0,0.0,,,0.04563106596469879,33.71924591064453,18.31142807006836,0.02449192355076472,,
NU_114.nii.gz,0.29814228415489197,21.095022201538086,9.786907196044922,0.1751863658428192,0.20928753912448883,0.5181102156639099,0.0,0.0,0.0,0.0,,,0.0,0.0,0.0,0.0,,,0.09938076138496399,7.031674067179362,3.2623023986816406,0.058395455280939736,,
NU_115.nii.gz,0.6745561957359314,2.0,1.7620577812194824,0.5089285969734192,0.977142870426178,0.5150602459907532,0.0,0.0,0.0,0.0,,,0.0,0.0,0.0,0.0,,,0.22485206524531046,0.6666666666666666,0.5873525937398275,0.1696428656578064,,
NU_116.nii.gz,0.3948497772216797,17.211063385009766,5.529287338256836,0.24598930776119232,0.38655462861061096,0.4035087823867798,0.0,0.0,0.0,0.0,,,0.0,0.0,0.0,0.0,,,0.13161659240722656,5.737021128336589,1.8430957794189453,0.08199643592039745,,
NU_117.nii.gz,0.5289255976676941,11.70263957977295,1.7150050401687622,0.3595505654811859,0.7231638431549072,0.41693809628486633,0.0,0.0,0.0,0.0,,,0.0,0.0,0.0,0.0,,,0.17630853255589804,3.9008798599243164,0.5716683467229208,0.11985018849372864,,
NU_118.nii.gz,0.5222222208976746,44.373416900634766,11.296025276184082,0.35338345170021057,0.5847589373588562,0.4717691242694855,0.0,0.0,0.0,0.0,,,0.0,0.0,0.0,0.0,,,0.1740740736325582,14.791138966878256,3.7653417587280273,0.11779448390007019,,
NU_120.nii.gz,0.4514767825603485,19.72308349609375,4.756049633026123,0.2915531396865845,0.6645962595939636,0.3418530225753784,0.0,0.0,0.0,0.0,,,0.0,0.0,0.0,0.0,,,0.1504922608534495,6.574361165364583,1.5853498776753743,0.09718437989552815,,
NU_121.nii.gz,0.5365853905677795,9.04307746887207,1.5600355863571167,0.36666667461395264,0.6875,0.4399999976158142,0.0,0.0,0.0,0.0,,,0.0,0.0,0.0,0.0,,,0.1788617968559265,3.01435915629069,0.5200118621190389,0.12222222487131755,,
NU_127.nii.gz,0.5098039507865906,24.295286178588867,11.855072975158691,0.34210526943206787,0.410526305437088,0.6724137663841248,0.0,0.0,0.0,0.0,,,0.0,0.0,0.0,0.0,,,0.16993465026219687,8.098428726196289,3.951690991719564,0.11403508981068929,,
NU_13.nii.gz,0.8531120419502258,2.2360680103302,0.9580025672912598,0.743849515914917,0.9952667951583862,0.7464902400970459,0.0,0.0,0.0,0.0,,,0.0,0.0,0.0,0.0,,,0.28437068065007526,0.7453560034434,0.3193341890970866,0.24794983863830566,,
NU_130.nii.gz,0.07133421301841736,72.75540924072266,39.018341064453125,0.036986302584409714,0.040785498917102814,0.28421053290367126,0.0,0.0,0.0,0.0,,,0.0,0.0,0.0,0.0,,,0.02377807100613912,24.251803080240887,13.006113688151041,0.012328767528136572,,
NU_131.nii.gz,0.4176182746887207,81.63005828857422,12.821914672851562,0.2639175355434418,0.6368159055709839,0.3106796145439148,0.0,0.0,0.0,0.0,,,0.0,0.0,0.0,0.0,,,0.1392060915629069,27.21001942952474,4.2739715576171875,0.08797251184781392,,
NU_134.nii.gz,0.46464645862579346,46.62079620361328,13.40163803100586,0.30263158679008484,0.36125653982162476,0.650943398475647,0.0,0.0,0.0,0.0,,,0.0,0.0,0.0,0.0,,,0.1548821528752645,15.540265401204428,4.467212677001953,0.10087719559669495,,
NU_135.nii.gz,0.12205567210912704,59.420536041259766,30.0284366607666,0.06499429792165756,0.06909091025590897,0.5229358077049255,0.0,0.0,0.0,0.0,,,0.0,0.0,0.0,0.0,,,0.04068522403637568,19.80684534708659,10.009478886922201,0.021664765973885853,,
NU_138.nii.gz,0.10408922284841537,25.242794036865234,10.739614486694336,0.054901961237192154,0.06144842877984047,0.34008097648620605,0.0,0.0,0.0,0.0,,,0.0,0.0,0.0,0.0,,,0.03469640761613846,8.414264678955078,3.579871495564779,0.018300653745730717,,
NU_141.nii.gz,0.5020116567611694,16.031219482421875,2.311051845550537,0.3351238965988159,0.798513650894165,0.3660798668861389,0.0,0.0,0.0,0.0,,,0.0,0.0,0.0,0.0,,,0.1673372189203898,5.343739827473958,0.7703506151835123,0.11170796553293864,,
NU_142.nii.gz,0.624535322189331,36.61776351928711,6.283779621124268,0.454054057598114,0.6829268336296082,0.5753424763679504,0.0,0.0,0.0,0.0,,,0.0,0.0,0.0,0.0,,,0.208178440729777,12.205921173095703,2.0945932070414224,0.15135135253270468,,
NU_144.nii.gz,0.087649405002594,68.15789031982422,41.07247543334961,0.04583333432674408,0.04810495674610138,0.49253731966018677,0.0,0.0,0.0,0.0,,,0.0,0.0,0.0,0.0,,,0.029216468334197998,22.71929677327474,13.69082514444987,0.015277778108914694,,
NU_145.nii.gz,0.1166180744767189,32.82529067993164,19.412599563598633,0.061919502913951874,0.06535948067903519,0.5405405163764954,0.0,0.0,0.0,0.0,,,0.0,0.0,0.0,0.0,,,0.03887269149223963,10.941763559977213,6.470866521199544,0.020639834304650623,,
NU_147.nii.gz,0.4910486042499542,12.693023681640625,2.671438455581665,0.3254237174987793,0.7933884263038635,0.35555556416511536,0.0,0.0,0.0,0.0,,,0.0,0.0,0.0,0.0,,,0.16368286808331808,4.231007893880208,0.8904794851938883,0.1084745724995931,,
NU_149.nii.gz,0.29537105560302734,7.986953258514404,0.5682159066200256,0.17327585816383362,0.8410041928291321,0.17914438247680664,0.0,0.0,0.0,0.0,,,0.0,0.0,0.0,0.0,,,0.09845701853434245,2.6623177528381348,0.1894053022066752,0.05775861938794454,,
NU_15.nii.gz,0.6006600856781006,12.409673690795898,2.8119354248046875,0.4292452931404114,0.780637264251709,0.4881226122379303,0.0,0.0,0.0,0.0,,,0.0,0.0,0.0,0.0,,,0.20022002855936685,4.136557896931966,0.9373118082682291,0.14308176438013712,,
NU_150.nii.gz,0.7566302418708801,2.4494898319244385,0.23262090981006622,0.6085320115089417,0.9738956093788147,0.6186224222183228,0.0,0.0,0.0,0.0,,,0.0,0.0,0.0,0.0,,,0.2522100806236267,0.8164966106414795,0.07754030327002208,0.20284400383631387,,
NU_151.nii.gz,0.03412462770938873,109.47328186035156,43.16071701049805,0.01735849119722843,0.08440367132425308,0.021385401487350464,0.0,0.0,0.0,0.0,,,0.0,0.0,0.0,0.0,,,0.011374875903129578,36.49109395345052,14.386905670166016,0.005786163732409477,,
NU_152.nii.gz,0.41109299659729004,70.33019256591797,33.416343688964844,0.25872689485549927,0.3913043439388275,0.4329896867275238,0.0,0.0,0.0,0.0,,,0.0,0.0,0.0,0.0,,,0.13703099886576334,23.443397521972656,11.138781229654947,0.08624229828516643,,
NU_153.nii.gz,0.3710407316684723,10.386571884155273,4.191798210144043,0.22777777910232544,0.46590909361839294,0.308270663022995,0.0,0.0,0.0,0.0,,,0.0,0.0,0.0,0.0,,,0.12368024388949077,3.462190628051758,1.3972660700480144,0.07592592636744182,,
NU_154.nii.gz,0.5951275825500488,14.456831932067871,4.608100414276123,0.42361685633659363,0.6317734122276306,0.5625,0.0,0.0,0.0,0.0,,,0.0,0.0,0.0,0.0,,,0.19837586085001627,4.818943977355957,1.5360334714253743,0.14120561877886453,,
NU_155.nii.gz,0.21161825954914093,21.189620971679688,11.175511360168457,0.11832946538925171,0.14427156746387482,0.3968871533870697,0.0,0.0,0.0,0.0,,,0.0,0.0,0.0,0.0,,,0.07053941984971364,7.0632069905598955,3.725170453389486,0.03944315512975057,,
NU_156.nii.gz,0.20496083796024323,10.34396743774414,3.278801918029785,0.11418181657791138,0.1723380833864212,0.2528180480003357,0.0,0.0,0.0,0.0,,,0.0,0.0,0.0,0.0,,,0.06832027932008107,3.4479891459147134,1.092933972676595,0.03806060552597046,,
NU_157.nii.gz,0.4096244275569916,18.956722259521484,2.87103009223938,0.25756457448005676,0.653558075428009,0.2982906103134155,0.0,0.0,0.0,0.0,,,0.0,0.0,0.0,0.0,,,0.13654147585233053,6.318907419840495,0.95701003074646,0.08585485816001892,,
NU_16.nii.gz,0.3609314262866974,4.358899116516113,0.5187970399856567,0.22020520269870758,0.9823943376541138,0.22107765078544617,0.0,0.0,0.0,0.0,,,0.0,0.0,0.0,0.0,,,0.12031047542889912,1.4529663721720378,0.1729323466618856,0.07340173423290253,,
NU_160.nii.gz,0.10628019273281097,36.50310134887695,16.426847457885742,0.05612244829535484,0.14864864945411682,0.0827067643404007,0.0,0.0,0.0,0.0,,,0.0,0.0,0.0,0.0,,,0.03542673091093699,12.16770044962565,5.475615819295247,0.018707482765118282,,
NU_161.nii.gz,0.401283323764801,11.859574317932129,0.3328748941421509,0.2510033845901489,0.9621301889419556,0.25350794196128845,0.0,0.0,0.0,0.0,,,0.0,0.0,0.0,0.0,,,0.13376110792160034,3.9531914393107095,0.11095829804738362,0.08366779486338298,,
NU_164.nii.gz,0.2662090063095093,26.6795654296875,5.772812843322754,0.15354157984256744,0.3416544198989868,0.21805685758590698,0.0,0.0,0.0,0.0,,,0.0,0.0,0.0,0.0,,,0.0887363354365031,8.8931884765625,1.9242709477742512,0.05118052661418915,,
NU_165.nii.gz,0.479638010263443,28.913663864135742,1.9541618824005127,0.3154761791229248,0.5273631811141968,0.43983402848243713,0.0,0.0,0.0,0.0,,,0.0,0.0,0.0,0.0,,,0.159879336754481,9.637887954711914,0.6513872941335043,0.10515872637430827,,
NU_166.nii.gz,0.6238095164299011,9.901758193969727,1.7550642490386963,0.45328718423843384,0.7005347609519958,0.5622317790985107,0.0,0.0,0.0,0.0,,,0.0,0.0,0.0,0.0,,,0.2079365054766337,3.3005860646565757,0.5850214163462321,0.15109572807947794,,
NU_168.nii.gz,0.26017263531684875,28.24889373779297,8.180819511413574,0.14953933656215668,0.16627265512943268,0.597733736038208,0.0,0.0,0.0,0.0,,,0.0,0.0,0.0,0.0,,,0.08672421177228291,9.416297912597656,2.726939837137858,0.049846445520718895,,
NU_169.nii.gz,0.3164770305156708,5.0,1.384278655052185,0.18798498809337616,0.9829843044281006,0.18859869241714478,0.0,0.0,0.0,0.0,,,0.0,0.0,0.0,0.0,,,0.10549234350522359,1.6666666666666667,0.46142621835072833,0.06266166269779205,,
NU_18.nii.gz,0.5278810262680054,13.944479942321777,4.781422138214111,0.3585858643054962,0.5358490347862244,0.5201465487480164,0.0,0.0,0.0,0.0,,,0.0,0.0,0.0,0.0,,,0.17596034208933511,4.648159980773926,1.5938073794047039,0.1195286214351654,,
NU_184.nii.gz,0.0914454311132431,65.4904556274414,33.73946762084961,0.04791344702243805,0.05140961706638336,0.41333332657814026,0.0,0.0,0.0,0.0,,,0.0,0.0,0.0,0.0,,,0.030481810371081035,21.8301518758138,11.24648920694987,0.01597114900747935,,
NU_188.nii.gz,0.08059516549110413,80.69374084472656,33.75077819824219,0.04198966547846794,0.04242819920182228,0.8024691343307495,0.0,0.0,0.0,0.0,,,0.0,0.0,0.0,0.0,,,0.026865055163701374,26.897913614908855,11.250259399414062,0.013996555159489313,,
NU_189.nii.gz,0.5555555820465088,6.933559894561768,1.412848711013794,0.38461539149284363,0.9090909361839294,0.4000000059604645,0.0,0.0,0.0,0.0,,,0.0,0.0,0.0,0.0,,,0.18518519401550293,2.3111866315205893,0.47094957033793133,0.12820513049761453,,
NU_190.nii.gz,0.25971144437789917,46.214080810546875,13.580414772033691,0.14923469722270966,0.1875,0.4223826825618744,0.0,0.0,0.0,0.0,,,0.0,0.0,0.0,0.0,,,0.08657048145929973,15.404693603515625,4.5268049240112305,0.04974489907423655,,
NU_26.nii.gz,0.2975778579711914,39.43345260620117,12.749717712402344,0.17479674518108368,0.19545455276966095,0.6231883764266968,0.0,0.0,0.0,0.0,,,0.0,0.0,0.0,0.0,,,0.09919261932373047,13.144484202067057,4.249905904134114,0.05826558172702789,,
NU_27.nii.gz,0.6139657497406006,5.656854152679443,0.7787542343139648,0.4429657757282257,0.826241135597229,0.48846960067749023,0.0,0.0,0.0,0.0,,,0.0,0.0,0.0,0.0,,,0.20465524991353354,1.8856180508931477,0.2595847447713216,0.14765525857607523,,
NU_28.nii.gz,0.0,93.98535919189453,49.35814666748047,0.0,0.0,0.0,0.0,0.0,0.0,0.0,,,0.0,0.0,0.0,0.0,,,0.0,31.328453063964844,16.452715555826824,0.0,,
NU_29.nii.gz,0.22909091413021088,11.807241439819336,1.592366099357605,0.12936344742774963,0.807692289352417,0.13347457349300385,0.0,0.0,0.0,0.0,,,0.0,0.0,0.0,0.0,,,0.07636363804340363,3.9357471466064453,0.5307886997858683,0.043121149142583214,,
NU_30.nii.gz,0.5870646834373474,13.45362377166748,1.2614279985427856,0.4154929518699646,0.8368794322013855,0.4521072804927826,0.0,0.0,0.0,0.0,,,0.0,0.0,0.0,0.0,,,0.19568822781244913,4.484541257222493,0.4204759995142619,0.13849765062332153,,
NU_32.nii.gz,0.42172524333000183,39.49809646606445,10.65278148651123,0.26720649003982544,0.4864864945411682,0.3721804618835449,0.0,0.0,0.0,0.0,,,0.0,0.0,0.0,0.0,,,0.1405750811100006,13.166032155354818,3.55092716217041,0.08906883001327515,,
NU_34.nii.gz,0.5714285969734192,2.4494898319244385,0.1372590959072113,0.4000000059604645,0.9638554453849792,0.4060913622379303,0.0,0.0,0.0,0.0,,,0.0,0.0,0.0,0.0,,,0.19047619899113974,0.8164966106414795,0.045753031969070435,0.13333333532015482,,
NU_36.nii.gz,0.18122270703315735,32.129417419433594,13.409903526306152,0.09963985532522202,0.1092105284333229,0.5320512652397156,0.0,0.0,0.0,0.0,,,0.0,0.0,0.0,0.0,,,0.06040756901105245,10.709805806477865,4.469967842102051,0.03321328510840734,,
NU_37.nii.gz,0.36320754885673523,5.916079998016357,1.7677321434020996,0.2219020128250122,0.4989200830459595,0.2855376899242401,0.0,0.0,0.0,0.0,,,0.0,0.0,0.0,0.0,,,0.12106918295224507,1.9720266660054524,0.5892440478006998,0.0739673376083374,,
NU_39.nii.gz,0.2281879186630249,9.984923362731934,5.570372104644775,0.12878787517547607,0.18478260934352875,0.2982456088066101,0.0,0.0,0.0,0.0,,,0.0,0.0,0.0,0.0,,,0.07606263955434163,3.328307787577311,1.8567907015482585,0.04292929172515869,,
NU_41.nii.gz,0.673521876335144,11.632597923278809,1.612567663192749,0.5077519416809082,0.8811659216880798,0.545076310634613,0.0,0.0,0.0,0.0,,,0.0,0.0,0.0,0.0,,,0.2245072921117147,3.877532641092936,0.537522554397583,0.1692506472269694,,
NU_43.nii.gz,0.44140625,49.81148910522461,7.57029390335083,0.2832080125808716,0.5,0.39510488510131836,0.0,0.0,0.0,0.0,,,0.0,0.0,0.0,0.0,,,0.14713541666666666,16.603829701741535,2.5234313011169434,0.09440267086029053,,
NU_47.nii.gz,0.2183588296175003,67.7273941040039,16.05217742919922,0.12256050109863281,0.1503831446170807,0.398477166891098,0.0,0.0,0.0,0.0,,,0.0,0.0,0.0,0.0,,,0.07278627653916676,22.57579803466797,5.350725809733073,0.04085350036621094,,
NU_51.nii.gz,0.19453924894332886,41.305572509765625,11.169058799743652,0.10775047540664673,0.1360381841659546,0.341317355632782,0.0,0.0,0.0,0.0,,,0.0,0.0,0.0,0.0,,,0.06484641631444295,13.768524169921875,3.723019599914551,0.03591682513554891,,
NU_55.nii.gz,0.441017746925354,3.605551242828369,0.5081858038902283,0.2828882336616516,0.9480662941932678,0.2873409390449524,0.0,0.0,0.0,0.0,,,0.0,0.0,0.0,0.0,,,0.14700591564178467,1.201850414276123,0.16939526796340942,0.09429607788721721,,
NU_56.nii.gz,0.6701692938804626,2.0,1.689836025238037,0.503950834274292,0.9614740610122681,0.5143369436264038,0.0,0.0,0.0,0.0,,,0.0,0.0,0.0,0.0,,,0.2233897646268209,0.6666666666666666,0.5632786750793457,0.167983611424764,,
NU_57.nii.gz,0.2717770040035248,15.932657241821289,5.159502029418945,0.1572580635547638,0.5571428537368774,0.17972350120544434,0.0,0.0,0.0,0.0,,,0.0,0.0,0.0,0.0,,,0.0905923346678416,5.310885747273763,1.7198340098063152,0.0524193545182546,,
NU_59.nii.gz,0.031185884028673172,84.12964630126953,33.78559112548828,0.01583993248641491,0.016074450686573982,0.5205479264259338,0.0,0.0,0.0,0.0,,,0.0,0.0,0.0,0.0,,,0.01039529467622439,28.04321543375651,11.261863708496094,0.005279977495471637,,
NU_60.nii.gz,0.048120301216840744,88.78086853027344,35.05009841918945,0.02465331368148327,0.02909090928733349,0.13913042843341827,0.0,0.0,0.0,0.0,,,0.0,0.0,0.0,0.0,,,0.016040100405613582,29.59362284342448,11.683366139729818,0.008217771227161089,,
NU_63.nii.gz,0.00649772584438324,106.42298126220703,53.197628021240234,0.003259452525526285,0.0032701112795621157,0.5,0.0,0.0,0.0,0.0,,,0.0,0.0,0.0,0.0,,,0.002165908614794413,35.474327087402344,17.732542673746746,0.0010864841751754284,,
NU_64.nii.gz,0.1071428582072258,51.10283660888672,24.115819931030273,0.056603774428367615,0.0585365854203701,0.6315789222717285,0.0,0.0,0.0,0.0,,,0.0,0.0,0.0,0.0,,,0.035714286069075264,17.034278869628906,8.038606643676758,0.01886792480945587,,
NU_66.nii.gz,0.19859710335731506,106.16778564453125,40.056358337402344,0.11024580150842667,0.12548476457595825,0.47584033012390137,0.0,0.0,0.0,0.0,,,0.0,0.0,0.0,0.0,,,0.06619903445243835,35.389261881510414,13.352119445800781,0.03674860050280889,,
NU_67.nii.gz,0.08866994827985764,23.77059555053711,9.74962329864502,0.04639175161719322,0.05202312022447586,0.30000001192092896,0.0,0.0,0.0,0.0,,,0.0,0.0,0.0,0.0,,,0.029556649426619213,7.923531850179036,3.2498744328816733,0.015463917205731073,,
NU_68.nii.gz,0.004048583097755909,65.53662109375,41.65690612792969,0.0020283975172787905,0.002945508109405637,0.006472492124885321,0.0,0.0,0.0,0.0,,,0.0,0.0,0.0,0.0,,,0.0013495276992519696,21.845540364583332,13.885635375976562,0.0006761325057595968,,
NU_69.nii.gz,0.06896551698446274,49.673912048339844,23.631635665893555,0.0357142873108387,0.04141104221343994,0.20610687136650085,0.0,0.0,0.0,0.0,,,0.0,0.0,0.0,0.0,,,0.02298850566148758,16.55797068277995,7.877211888631185,0.011904762436946234,,
NU_71.nii.gz,0.08113207668066025,56.325836181640625,24.686206817626953,0.042281217873096466,0.04325955733656883,0.6515151262283325,0.0,0.0,0.0,0.0,,,0.0,0.0,0.0,0.0,,,0.02704402556022008,18.775278727213543,8.22873560587565,0.014093739291032156,,
NU_72.nii.gz,0.5514403581619263,52.514244079589844,16.362863540649414,0.3806818127632141,0.5032188892364502,0.6098829507827759,0.0,0.0,0.0,0.0,,,0.0,0.0,0.0,0.0,,,0.1838134527206421,17.50474802652995,5.454287846883138,0.12689393758773804,,
NU_73.nii.gz,0.7657657861709595,14.331772804260254,3.2338197231292725,0.6204379796981812,0.7142857313156128,0.8252426981925964,0.0,0.0,0.0,0.0,,,0.0,0.0,0.0,0.0,,,0.2552552620569865,4.777257601420085,1.0779399077097576,0.2068126598993937,,
NU_76.nii.gz,0.5346215963363647,5.6509928703308105,1.5095053911209106,0.3648351728916168,0.6194030046463013,0.47025495767593384,0.0,0.0,0.0,0.0,,,0.0,0.0,0.0,0.0,,,0.17820719877878824,1.8836642901102703,0.5031684637069702,0.12161172429720561,,
NU_77.nii.gz,0.4815618097782135,2.2360680103302,0.6712313294410706,0.3171428442001343,0.925000011920929,0.32551318407058716,0.0,0.0,0.0,0.0,,,0.0,0.0,0.0,0.0,,,0.1605206032594045,0.7453560034434,0.22374377648035684,0.10571428140004475,,
NU_78.nii.gz,0.13182063400745392,61.08436584472656,31.971689224243164,0.07056102156639099,0.07301017642021179,0.6777777671813965,0.0,0.0,0.0,0.0,,,0.0,0.0,0.0,0.0,,,0.04394021133581797,20.36145528157552,10.657229741414389,0.02352034052213033,,
NU_79.nii.gz,0.37139561772346497,7.422632694244385,0.5913195013999939,0.22804532945156097,0.8298969268798828,0.23922733962535858,0.0,0.0,0.0,0.0,,,0.0,0.0,0.0,0.0,,,0.12379853924115498,2.4742108980814614,0.19710650046666464,0.076015109817187,,
NU_88.nii.gz,0.6581325531005859,2.2360680103302,0.2928517758846283,0.4904601573944092,0.9820224642753601,0.4949037432670593,0.0,0.0,0.0,0.0,,,0.0,0.0,0.0,0.0,,,0.2193775177001953,0.7453560034434,0.09761725862820943,0.16348671913146973,,
NU_89.nii.gz,0.5608247518539429,4.358899116516113,0.7658178210258484,0.3896848261356354,0.8111332058906555,0.4285714328289032,0.0,0.0,0.0,0.0,,,0.0,0.0,0.0,0.0,,,0.1869415839513143,1.4529663721720378,0.25527260700861615,0.1298949420452118,,
NU_98.nii.gz,0.4132908582687378,10.630146026611328,0.6391748189926147,0.260470449924469,0.8714011311531067,0.27088305354118347,0.0,0.0,0.0,0.0,,,0.0,0.0,0.0,0.0,,,0.1377636194229126,3.543382008870443,0.21305827299753824,0.08682348330815633,,
NU_99.nii.gz,0.2415776550769806,25.17438507080078,10.5527982711792,0.13738317787647247,0.1729411780834198,0.4005449712276459,0.0,0.0,0.0,0.0,,,0.0,0.0,0.0,0.0,,,0.0805258850256602,8.391461690266928,3.5175994237264,0.04579439262549082,,
nyu_0010.nii.gz,0.44830742478370667,10.906217575073242,1.7572811841964722,0.28891509771347046,0.7903226017951965,0.312899112701416,0.0,0.0,0.0,0.0,,,0.0,0.0,0.0,0.0,,,0.14943580826123556,3.6354058583577475,0.5857603947321574,0.09630503257115682,,
nyu_0018.nii.gz,0.46779194474220276,2.8284270763397217,0.7221388816833496,0.30530574917793274,0.9516468048095703,0.3101164698600769,0.0,0.0,0.0,0.0,,,0.0,0.0,0.0,0.0,,,0.1559306482474009,0.9428090254465739,0.24071296056111655,0.10176858305931091,,
nyu_0020.nii.gz,0.6163045763969421,3.7416574954986572,1.6093238592147827,0.4454047679901123,0.959057092666626,0.45403817296028137,0.0,0.0,0.0,0.0,,,0.0,0.0,0.0,0.0,,,0.2054348587989807,1.247219165166219,0.5364412864049276,0.1484682559967041,,
nyu_0022.nii.gz,0.050632912665605545,4.625711441040039,4.24578857421875,0.025974025949835777,0.036363635212183,0.0833333358168602,0.0,0.0,0.0,0.0,,,0.0,0.0,0.0,0.0,,,0.016877637555201847,1.541903813680013,1.4152628580729167,0.008658008649945259,,
nyu_0023.nii.gz,0.06441223621368408,92.45431518554688,48.4019889831543,0.03327786922454834,0.03642987087368965,0.2777777910232544,0.0,0.0,0.0,0.0,,,0.0,0.0,0.0,0.0,,,0.02147074540456136,30.818105061848957,16.133996327718098,0.011092623074849447,,
nyu_0025.nii.gz,0.4177229106426239,3.464101552963257,0.7824053764343262,0.26400110125541687,0.8938679099082947,0.2725442349910736,0.0,0.0,0.0,0.0,,,0.0,0.0,0.0,0.0,,,0.13924097021420798,1.154700517654419,0.2608017921447754,0.08800036708513896,,
nyu_0029.nii.gz,0.42673182487487793,3.605551242828369,0.5870358347892761,0.2712390720844269,0.9384257793426514,0.2761538326740265,0.0,0.0,0.0,0.0,,,0.0,0.0,0.0,0.0,,,0.14224394162495932,1.201850414276123,0.19567861159642538,0.09041302402814229,,
nyu_0032.nii.gz,0.6382824778556824,3.0,1.2187073230743408,0.46873340010643005,0.9538572430610657,0.4796084761619568,0.0,0.0,0.0,0.0,,,0.0,0.0,0.0,0.0,,,0.21276082595189413,1.0,0.4062357743581136,0.15624446670214334,,
nyu_0033.nii.gz,0.45483529567718506,9.241171836853027,2.0976011753082275,0.2943603992462158,0.732876718044281,0.329738050699234,0.0,0.0,0.0,0.0,,,0.0,0.0,0.0,0.0,,,0.15161176522572836,3.0803906122843423,0.6992003917694092,0.09812013308207194,,
nyu_0035.nii.gz,0.0040502846240997314,38.00263214111328,16.815101623535156,0.0020292517729103565,0.05941703915596008,0.0020966019947081804,0.0,0.0,0.0,0.0,,,0.0,0.0,0.0,0.0,,,0.0013500948746999104,12.66754404703776,5.605033874511719,0.0006764172576367855,,
nyu_0039.nii.gz,0.49851903319358826,4.516314506530762,0.5352060794830322,0.3320181965827942,0.9004115462303162,0.3446754813194275,0.0,0.0,0.0,0.0,,,0.0,0.0,0.0,0.0,,,0.16617301106452942,1.5054381688435872,0.17840202649434408,0.11067273219426473,,
nyu_0040.nii.gz,0.6930630207061768,16.881942749023438,2.9821877479553223,0.5302956700325012,0.8103703856468201,0.6054233312606812,0.0,0.0,0.0,0.0,,,0.0,0.0,0.0,0.0,,,0.23102100690205893,5.6273142496744795,0.994062582651774,0.17676522334416708,,
nyu_0044.nii.gz,0.45805367827415466,5.463417053222656,1.2956582307815552,0.2970620095729828,0.6610169410705566,0.3504492938518524,0.0,0.0,0.0,0.0,,,0.0,0.0,0.0,0.0,,,0.15268455942471823,1.8211390177408855,0.43188607692718506,0.09902066985766093,,
nyu_0045.nii.gz,0.4939063489437103,27.495344161987305,6.2574968338012695,0.32793867588043213,0.6790123581886292,0.3881048262119293,0.0,0.0,0.0,0.0,,,0.0,0.0,0.0,0.0,,,0.16463544964790344,9.165114720662435,2.0858322779337564,0.10931289196014404,,
nyu_0049.nii.gz,0.3118536174297333,88.32467651367188,18.346744537353516,0.1847313791513443,0.403292179107666,0.2542153000831604,0.0,0.0,0.0,0.0,,,0.0,0.0,0.0,0.0,,,0.10395120580991109,29.441558837890625,6.115581512451172,0.06157712638378143,,
nyu_0053.nii.gz,0.4719387888908386,3.7416574954986572,0.66110759973526,0.3088480830192566,0.8958837985992432,0.32034632563591003,0.0,0.0,0.0,0.0,,,0.0,0.0,0.0,0.0,,,0.15731292963027954,1.247219165166219,0.22036919991175333,0.10294936100641887,,
nyu_0054.nii.gz,0.31694790720939636,3.7416574954986572,0.43022119998931885,0.18831734359264374,0.9504950642585754,0.19018270075321198,0.0,0.0,0.0,0.0,,,0.0,0.0,0.0,0.0,,,0.10564930240313213,1.247219165166219,0.1434070666631063,0.06277244786421458,,
nyu_0056.nii.gz,0.4559585452079773,8.306623458862305,2.4394690990448,0.29530200362205505,0.5322580933570862,0.3987915515899658,0.0,0.0,0.0,0.0,,,0.0,0.0,0.0,0.0,,,0.15198618173599243,2.768874486287435,0.8131563663482666,0.09843400120735168,,
nyu_0058.nii.gz,0.6637349724769592,2.0,1.9685871601104736,0.49670907855033875,0.9255927801132202,0.5173674821853638,0.0,0.0,0.0,0.0,,,0.0,0.0,0.0,0.0,,,0.22124499082565308,0.6666666666666666,0.6561957200368246,0.16556969285011292,,
nyu_0064.nii.gz,0.7317073345184326,13.274255752563477,1.6006457805633545,0.5769230723381042,0.888501763343811,0.6219512224197388,0.0,0.0,0.0,0.0,,,0.0,0.0,0.0,0.0,,,0.24390244483947754,4.424751917521159,0.5335485935211182,0.19230769077936807,,
nyu_0065.nii.gz,0.5334645509719849,12.457785606384277,0.49032357335090637,0.363758385181427,0.9981583952903748,0.36400267481803894,0.0,0.0,0.0,0.0,,,0.0,0.0,0.0,0.0,,,0.17782151699066162,4.152595202128093,0.16344119111696878,0.12125279506047566,,
nyu_0069.nii.gz,0.45665961503982544,10.488088607788086,2.9355392456054688,0.2958904206752777,0.47661077976226807,0.43831169605255127,0.0,0.0,0.0,0.0,,,0.0,0.0,0.0,0.0,,,0.1522198716799418,3.496029535929362,0.9785130818684896,0.09863014022509257,,
nyu_0073.nii.gz,0.5865070819854736,24.372116088867188,3.515169858932495,0.41493457555770874,0.7667140960693359,0.474889874458313,0.0,0.0,0.0,0.0,,,0.0,0.0,0.0,0.0,,,0.19550236066182455,8.124038696289062,1.1717232863108318,0.13831152518590292,,
nyu_0074.nii.gz,0.4758928716182709,17.748239517211914,1.1464942693710327,0.3122437000274658,0.8853820562362671,0.3253968358039856,0.0,0.0,0.0,0.0,,,0.0,0.0,0.0,0.0,,,0.1586309572060903,5.916079839070638,0.3821647564570109,0.1040812333424886,,
nyu_0075.nii.gz,0.35765379667282104,29.890117645263672,9.076818466186523,0.2177700400352478,0.34153005480766296,0.3753753900527954,0.0,0.0,0.0,0.0,,,0.0,0.0,0.0,0.0,,,0.11921793222427368,9.963372548421225,3.025606155395508,0.0725900133450826,,
nyu_0076.nii.gz,0.01700921356678009,111.98993682861328,69.15653228759766,0.008577555418014526,0.008602150715887547,0.75,0.0,0.0,0.0,0.0,,,0.0,0.0,0.0,0.0,,,0.005669737855593364,37.329978942871094,23.05217742919922,0.0028591851393381753,,
nyu_0077.nii.gz,0.11009174585342407,90.12767791748047,32.89693832397461,0.058252427726984024,0.08571428805589676,0.1538461595773697,0.0,0.0,0.0,0.0,,,0.0,0.0,0.0,0.0,,,0.03669724861780802,30.042559305826824,10.965646107991537,0.019417475908994675,,
nyu_0081.nii.gz,0.49696969985961914,6.7722344398498535,1.4391112327575684,0.3306451737880707,0.6699346303939819,0.39499035477638245,0.0,0.0,0.0,0.0,,,0.0,0.0,0.0,0.0,,,0.16565656661987305,2.257411479949951,0.47970374425252277,0.11021505792935689,,
nyu_0082.nii.gz,0.3041631281375885,12.058173179626465,1.7153513431549072,0.17935872077941895,0.6884615421295166,0.19520173966884613,0.0,0.0,0.0,0.0,,,0.0,0.0,0.0,0.0,,,0.10138770937919617,4.019391059875488,0.5717837810516357,0.05978624025980631,,
nyu_0091.nii.gz,0.39886578917503357,6.7082037925720215,2.0011818408966064,0.249114528298378,0.44989338517189026,0.3582342863082886,0.0,0.0,0.0,0.0,,,0.0,0.0,0.0,0.0,,,0.1329552630583445,2.2360679308573403,0.6670606136322021,0.08303817609945933,,
nyu_0094.nii.gz,0.5171339511871338,52.470802307128906,14.029434204101562,0.34873950481414795,0.6073170900344849,0.45027124881744385,0.0,0.0,0.0,0.0,,,0.0,0.0,0.0,0.0,,,0.1723779837290446,17.490267435709637,4.6764780680338545,0.11624650160471599,,
nyu_0095.nii.gz,0.4201878011226654,11.47810173034668,2.0735297203063965,0.2659732401371002,0.8312693238258362,0.28115183115005493,0.0,0.0,0.0,0.0,,,0.0,0.0,0.0,0.0,,,0.1400626003742218,3.82603391011556,0.6911765734354655,0.08865774671236674,,
nyu_0096.nii.gz,0.6444518566131592,2.0,0.6994299292564392,0.4754178822040558,0.9421890377998352,0.48970291018486023,0.0,0.0,0.0,0.0,,,0.0,0.0,0.0,0.0,,,0.21481728553771973,0.6666666666666666,0.2331433097521464,0.15847262740135193,,
nyu_0097.nii.gz,0.3035714328289032,7.760547637939453,3.4099531173706055,0.17894737422466278,0.3863636255264282,0.25,0.0,0.0,0.0,0.0,,,0.0,0.0,0.0,0.0,,,0.1011904776096344,2.5868492126464844,1.1366510391235352,0.05964912474155426,,
nyu_0098.nii.gz,0.6070038676261902,20.438865661621094,4.524458885192871,0.4357541799545288,0.7289719581604004,0.5199999809265137,0.0,0.0,0.0,0.0,,,0.0,0.0,0.0,0.0,,,0.20233462254206339,6.812955220540364,1.508152961730957,0.14525139331817627,,
nyu_0100.nii.gz,0.18907906115055084,19.10497283935547,3.4839677810668945,0.10441043972969055,0.18589743971824646,0.19237147271633148,0.0,0.0,0.0,0.0,,,0.0,0.0,0.0,0.0,,,0.06302635371685028,6.368324279785156,1.1613225936889648,0.03480347990989685,,
nyu_0101.nii.gz,0.4317862093448639,22.958881378173828,6.392453193664551,0.2753363251686096,0.3221406042575836,0.6545842289924622,0.0,0.0,0.0,0.0,,,0.0,0.0,0.0,0.0,,,0.14392873644828796,7.652960459391276,2.130817731221517,0.0917787750562032,,
nyu_0104.nii.gz,0.46765393018722534,6.123588562011719,1.1408542394638062,0.30518820881843567,0.835654616355896,0.3246753215789795,0.0,0.0,0.0,0.0,,,0.0,0.0,0.0,0.0,,,0.1558846433957418,2.0411961873372397,0.38028474648793537,0.10172940293947856,,
nyu_0105.nii.gz,0.44893762469291687,7.224634170532227,1.5363601446151733,0.28943878412246704,0.8301647901535034,0.3076561689376831,0.0,0.0,0.0,0.0,,,0.0,0.0,0.0,0.0,,,0.14964587489763895,2.4082113901774087,0.5121200482050577,0.09647959470748901,,
nyu_0112.nii.gz,0.5630462169647217,5.4772257804870605,0.9684745669364929,0.39183318614959717,0.9166666865348816,0.40630629658699036,0.0,0.0,0.0,0.0,,,0.0,0.0,0.0,0.0,,,0.18768207232157388,1.8257419268290203,0.3228248556454976,0.13061106204986572,,
nyu_0116.nii.gz,0.5625888109207153,3.0,0.8307238221168518,0.39139029383659363,0.9601293206214905,0.3978566527366638,0.0,0.0,0.0,0.0,,,0.0,0.0,0.0,0.0,,,0.18752960364023843,1.0,0.27690794070561725,0.13046343127886453,,
nyu_0118.nii.gz,0.40321269631385803,5.4772257804870605,0.6604174375534058,0.25251495838165283,0.923184335231781,0.25793445110321045,0.0,0.0,0.0,0.0,,,0.0,0.0,0.0,0.0,,,0.13440423210461935,1.8257419268290203,0.22013914585113525,0.08417165279388428,,
nyu_0119.nii.gz,0.2513369023799896,31.01289939880371,14.507240295410156,0.14373089373111725,0.1773584932088852,0.43119266629219055,0.0,0.0,0.0,0.0,,,0.0,0.0,0.0,0.0,,,0.08377896745999654,10.33763313293457,4.835746765136719,0.047910297910372414,,
nyu_0122.nii.gz,0.2023809552192688,78.40277862548828,0.5444562435150146,0.11258278042078018,0.8031495809555054,0.11577752232551575,0.0,0.0,0.0,0.0,,,0.0,0.0,0.0,0.0,,,0.06746031840642293,26.134259541829426,0.18148541450500488,0.03752759347359339,,
nyu_0123.nii.gz,0.42573320865631104,11.863574028015137,3.484746217727661,0.2704326808452606,0.6578947305679321,0.31468531489372253,0.0,0.0,0.0,0.0,,,0.0,0.0,0.0,0.0,,,0.14191106955210367,3.9545246760050454,1.161582072575887,0.09014422694842021,,
nyu_0127.nii.gz,0.4819277226924896,8.062257766723633,1.7034441232681274,0.3174603283405304,0.8472906351089478,0.33672669529914856,0.0,0.0,0.0,0.0,,,0.0,0.0,0.0,0.0,,,0.16064257423082987,2.6874192555745444,0.5678147077560425,0.10582010944684346,,
nyu_0129.nii.gz,0.458781361579895,35.61250686645508,4.9594221115112305,0.29767441749572754,0.5714285969734192,0.38323354721069336,0.0,0.0,0.0,0.0,,,0.0,0.0,0.0,0.0,,,0.15292712052663168,11.870835622151693,1.653140703837077,0.09922480583190918,,
nyu_0130.nii.gz,0.35718145966529846,4.123105525970459,0.369832843542099,0.21741990745067596,0.9935594797134399,0.21772675216197968,0.0,0.0,0.0,0.0,,,0.0,0.0,0.0,0.0,,,0.11906048655509949,1.3743685086568196,0.123277614514033,0.07247330248355865,,
nyu_0131.nii.gz,0.5859213471412659,5.099019527435303,1.2418720722198486,0.41434845328330994,0.8654434084892273,0.44287949800491333,0.0,0.0,0.0,0.0,,,0.0,0.0,0.0,0.0,,,0.19530711571375528,1.6996731758117676,0.4139573574066162,0.13811615109443665,,
nyu_0133.nii.gz,0.5947997570037842,8.251838684082031,1.4849809408187866,0.42328470945358276,0.8614623546600342,0.45420289039611816,0.0,0.0,0.0,0.0,,,0.0,0.0,0.0,0.0,,,0.19826658566792807,2.7506128946940103,0.4949936469395955,0.14109490315119425,,
nyu_0134.nii.gz,0.2200557142496109,46.27958679199219,11.014202117919922,0.12363067269325256,0.16390042006969452,0.33474576473236084,0.0,0.0,0.0,0.0,,,0.0,0.0,0.0,0.0,,,0.0733519047498703,15.426528930664062,3.671400705973307,0.04121022423108419,,
nyu_0135.nii.gz,0.1468682438135147,11.180339813232422,5.473786354064941,0.07925407588481903,0.09577465057373047,0.31481480598449707,0.0,0.0,0.0,0.0,,,0.0,0.0,0.0,0.0,,,0.04895608127117157,3.7267799377441406,1.8245954513549805,0.026418025294939678,,
nyu_0136.nii.gz,0.5959654450416565,12.866608619689941,1.8746899366378784,0.4244663417339325,0.8867924809455872,0.4487847089767456,0.0,0.0,0.0,0.0,,,0.0,0.0,0.0,0.0,,,0.19865514834721884,4.288869539896647,0.6248966455459595,0.1414887805779775,,
nyu_0137.nii.gz,0.040995609015226364,32.02717208862305,9.633382797241211,0.020926756784319878,0.06167401000857353,0.030701754614710808,0.0,0.0,0.0,0.0,,,0.0,0.0,0.0,0.0,,,0.013665203005075455,10.675724029541016,3.211127599080404,0.0069755855947732925,,
nyu_0140.nii.gz,0.6266276836395264,4.123105525970459,1.4572253227233887,0.45626935362815857,0.9372019171714783,0.47065868973731995,0.0,0.0,0.0,0.0,,,0.0,0.0,0.0,0.0,,,0.2088758945465088,1.3743685086568196,0.4857417742411296,0.1520897845427195,,
nyu_0142.nii.gz,0.4790697693824768,12.204365730285645,3.0375547409057617,0.3149847090244293,0.7686567306518555,0.34797295928001404,0.0,0.0,0.0,0.0,,,0.0,0.0,0.0,0.0,,,0.15968992312749228,4.068121910095215,1.0125182469685872,0.10499490300814311,,
nyu_0143.nii.gz,0.3970588147640228,13.089946746826172,4.607456207275391,0.24770642817020416,0.3816254436969757,0.4137931168079376,0.0,0.0,0.0,0.0,,,0.0,0.0,0.0,0.0,,,0.13235293825467428,4.363315582275391,1.5358187357584636,0.08256880939006805,,
nyu_0144.nii.gz,0.09661835432052612,10.049875259399414,5.4459004402160645,0.05076142027974129,0.07389162480831146,0.13953489065170288,0.0,0.0,0.0,0.0,,,0.0,0.0,0.0,0.0,,,0.03220611810684204,3.3499584197998047,1.8153001467386882,0.01692047342658043,,
nyu_0149.nii.gz,0.41368338465690613,84.28759765625,41.598114013671875,0.2607823610305786,0.4193548262119293,0.40816327929496765,0.0,0.0,0.0,0.0,,,0.0,0.0,0.0,0.0,,,0.13789446155230203,28.095865885416668,13.866038004557291,0.08692745367685954,,
nyu_0150.nii.gz,0.5446808338165283,92.2225570678711,25.60187339782715,0.3742690086364746,0.6837607026100159,0.45261669158935547,0.0,0.0,0.0,0.0,,,0.0,0.0,0.0,0.0,,,0.18156027793884277,30.74085235595703,8.533957799275717,0.1247563362121582,,
nyu_0151.nii.gz,0.40496912598609924,4.123105525970459,0.5869365334510803,0.25389423966407776,0.9344318509101868,0.25849953293800354,0.0,0.0,0.0,0.0,,,0.0,0.0,0.0,0.0,,,0.13498970866203308,1.3743685086568196,0.1956455111503601,0.08463141322135925,,
nyu_0152.nii.gz,0.5931559205055237,20.898487091064453,4.994091033935547,0.4216216206550598,0.7386363744735718,0.4955527186393738,0.0,0.0,0.0,0.0,,,0.0,0.0,0.0,0.0,,,0.1977186401685079,6.966162363688151,1.6646970113118489,0.14054054021835327,,
nyu_0157.nii.gz,0.5457069277763367,3.1622776985168457,0.798678994178772,0.3752386271953583,0.9602233171463013,0.38116344809532166,0.0,0.0,0.0,0.0,,,0.0,0.0,0.0,0.0,,,0.1819023092587789,1.054092566172282,0.266226331392924,0.12507954239845276,,
nyu_0159.nii.gz,0.7349459528923035,3.728041887283325,0.8100923895835876,0.5809601545333862,0.909554123878479,0.6165803074836731,0.0,0.0,0.0,0.0,,,0.0,0.0,0.0,0.0,,,0.24498198429743448,1.2426806290944417,0.27003079652786255,0.19365338484446207,,
nyu_0160.nii.gz,0.27485379576683044,36.273651123046875,16.78212547302246,0.15932203829288483,0.18503937125205994,0.5340909361839294,0.0,0.0,0.0,0.0,,,0.0,0.0,0.0,0.0,,,0.09161793192227681,12.091217041015625,5.59404182434082,0.05310734609762827,,
nyu_0164.nii.gz,0.31578946113586426,12.383441925048828,5.290700912475586,0.1875,0.3644859790802002,0.2785714268684387,0.0,0.0,0.0,0.0,,,0.0,0.0,0.0,0.0,,,0.10526315371195476,4.127813975016276,1.7635669708251953,0.0625,,
nyu_0165.nii.gz,0.30008673667907715,93.23733520507812,12.200040817260742,0.1765306144952774,0.3905192017555237,0.24366196990013123,0.0,0.0,0.0,0.0,,,0.0,0.0,0.0,0.0,,,0.10002891222635905,31.079111735026043,4.066680272420247,0.05884353816509247,,
nyu_0166.nii.gz,0.32277798652648926,7.074589252471924,0.7132605910301208,0.1924479752779007,0.8916500806808472,0.19705623388290405,0.0,0.0,0.0,0.0,,,0.0,0.0,0.0,0.0,,,0.10759266217549641,2.358196417490641,0.23775353034337363,0.06414932509263356,,
nyu_0168.nii.gz,0.657950758934021,3.1622776985168457,1.190054178237915,0.49025827646255493,0.9604971408843994,0.500346839427948,0.0,0.0,0.0,0.0,,,0.0,0.0,0.0,0.0,,,0.21931691964467367,1.054092566172282,0.396684726079305,0.1634194254875183,,
nyu_0172.nii.gz,0.7676876187324524,2.2360680103302,0.9421936869621277,0.6229650974273682,0.9902957677841187,0.6267914772033691,0.0,0.0,0.0,0.0,,,0.0,0.0,0.0,0.0,,,0.25589587291081745,0.7453560034434,0.31406456232070923,0.2076550324757894,,
nyu_0173.nii.gz,0.15127702057361603,31.811935424804688,15.284053802490234,0.08182784169912338,0.09987030178308487,0.311740905046463,0.0,0.0,0.0,0.0,,,0.0,0.0,0.0,0.0,,,0.050425673524538674,10.603978474934896,5.094684600830078,0.027275947233041126,,
